contract,report_date,open_interest,asset_mgr_net,asset_mgr_net_pct_oi,lev_money_net,lev_money_net_pct_oi,source_url,fetched_at,data_status
EURO FX/JAPANESE YEN XRATE - CHICAGO MERCANTILE EXCHANGE,2026-09-22,18263,-2036,-0.11148223183485736,0,0.0,https://www.cftc.gov/files/dea/history/fut_fin_txt_2026.zip,2026-10-05T16:22:08+00:00,ok
S&P 500 ANNUAL DIVIDEND INDEX - CHICAGO MERCANTILE EXCHANGE,2026-09-29,422632,111197,0.263105964527059,175979,0.4163882526642564,https://www.cftc.gov/files/dea/history/fut_fin_txt_2026.zip,2026-10-05T16:22:08+00:00,ok
S&P 500 Consolidated - CHICAGO MERCANTILE EXCHANGE,2026-09-29,1909989,906259,0.47448388446216183,-374007,-0.19581631098398997,https://www.cftc.gov/files/dea/history/fut_fin_txt_2026.zip,2026-10-05T16:22:08+00:00,ok
ADJUSTED INT RATE S&P 500 TOTL - CHICAGO MERCANTILE EXCHANGE,2026-09-29,1007843,-202667,-0.2010898522885013,57333,0.056886836541008866,https://www.cftc.gov/files/dea/history/fut_fin_txt_2026.zip,2026-10-05T16:22:08+00:00,ok
NASDAQ-100 Consolidated - CHICAGO MERCANTILE EXCHANGE,2026-09-29,283950,70801,0.24934319422433526,-33782,-0.11897164993836944,https://www.cftc.gov/files/dea/history/fut_fin_txt_2026.zip,2026-10-05T16:22:08+00:00,ok
NASDAQ MINI - CHICAGO MERCANTILE EXCHANGE,2026-09-29,270554,69744,0.25778218026715555,-24723,-0.09137917014717949,https://www.cftc.gov/files/dea/history/fut_fin_txt_2026.zip,2026-10-05T16:22:08+00:00,ok
E-MINI S&P 500 - CHICAGO MERCANTILE EXCHANGE,2026-09-29,1895922,904003,0.47681444700784104,-372489,-0.19646852560390143,https://www.cftc.gov/files/dea/history/fut_fin_txt_2026.zip,2026-10-05T16:22:08+00:00,ok
MICRO E-MINI NASDAQ-100 INDEX - CHICAGO MERCANTILE EXCHANGE,2026-09-29,133964,10576,0.07894658266399929,-90584,-0.6761816607446777,https://www.cftc.gov/files/dea/history/fut_fin_txt_2026.zip,2026-10-05T16:22:08+00:00,ok
MICRO E-MINI S&P 500 INDEX - CHICAGO MERCANTILE EXCHANGE,2026-09-29,140669,22560,0.1603764866459561,-15181,-0.10792001080550796,https://www.cftc.gov/files/dea/history/fut_fin_txt_2026.zip,2026-10-05T16:22:08+00:00,ok
S&P 500 QUARTERLY DIVIDEND IND - CHICAGO MERCANTILE EXCHANGE,2026-09-29,34763,300,0.008629865086442482,5321,0.15306504041653482,https://www.cftc.gov/files/dea/history/fut_fin_txt_2026.zip,2026-10-05T16:22:08+00:00,ok
JAPANESE YEN - CHICAGO MERCANTILE EXCHANGE,2026-09-29,360720,51634,0.14314149478820137,-14161,-0.03925759591927257,https://www.cftc.gov/files/dea/history/fut_fin_txt_2026.zip,2026-10-05T16:22:08+00:00,ok
