Unnamed: 0,1 銘柄欄:,Unnamed: 2,Unnamed: 3,Unnamed: 4,Unnamed: 5,Unnamed: 6,Unnamed: 7,Unnamed: 8,Unnamed: 9,Unnamed: 10,Unnamed: 11,Unnamed: 12,Unnamed: 13,Unnamed: 14,Unnamed: 15,Unnamed: 16,Unnamed: 17,Unnamed: 18,Unnamed: 19,Unnamed: 20,Unnamed: 21,Unnamed: 22
B,,喚,丸三証券　普通株式,プライム,貸,86130,JP3874800000,137200,-50100,0.2,363400,84500,0.5,37.8,18300,-5100,118900,-45000,238600,71800,124800,12700
B,,喚,富士急行　普通株式,プライム,貸,90100,JP3810400006,121100,-462600,0.2,44400,-5100,0.1,272.7,24500,-257600,96600,-205000,28700,100,15700,-5200
B,,喚,イーレックス　普通株式,プライム,貸,95170,JP3130830007,226500,-942700,0.3,796200,20500,1.0,28.4,24200,-369700,202300,-573000,534900,9300,261300,11200
B,,喚,西部ガスホールディングス　普通株式,プライム,貸,95360,JP3311600005,58000,-1801400,0.2,33800,5700,0.1,171.6,32900,-1525100,25100,-276300,19700,3100,14100,2600
B,,喚,ナガワ　普通株式,プライム,貸,96630,JP3648700007,70100,-134300,0.4,50300,1400,0.3,139.4,16900,-54200,53200,-80100,26000,2200,24300,-800
B,,喚,サガミホールディングス　普通株式,プライム,貸,99000,JP3316200009,582700,-2833800,1.0,39000,1800,0.1,1494.1,140700,-2027300,442000,-806500,12500,5100,26500,-3300
B,,喚,住石ホールディングス　普通株式,スタンダード,貸,15140,JP3400750000,650700,2500,1.0,1685000,-14000,2.5,38.6,0,0,650700,2500,847000,-7400,838000,-6600
B,,喚,第一建設工業　普通株式,スタンダード,貸,17990,JP3474610007,17300,2200,0.1,88000,200,0.4,19.7,0,0,17300,2200,81000,800,7000,-600
B,,喚,大豊建設　普通株式,スタンダード,貸,18220,JP3498600000,178900,-1076900,0.2,249800,-17900,0.3,71.6,19800,-1003200,159100,-73700,213900,2800,35900,-20700
B,,喚,植木組　普通株式,スタンダード,貸,18670,JP3154400000,5100,-20900,0.1,47300,500,0.7,10.8,0,0,5100,-20900,9200,0,38100,500
B,,喚,大成温調　普通株式,スタンダード,貸,19040,JP3443000009,47500,-500,0.2,272500,205200,1.0,17.4,0,0,47500,-500,229200,172000,43300,33200
B,,喚,成学社　普通株式,スタンダード,貸,21790,JP3414400006,400,-600,0.0,243400,0,4.1,0.2,0,0,400,-600,7000,0,236400,0
B,,喚,クックパッド　普通株式,スタンダード,貸,21930,JP3266170004,698500,-800,0.9,1380300,2800,1.8,50.6,59600,0,638900,-800,984600,-1600,395700,4400
B,,喚,湖池屋　普通株式,スタンダード,貸,22260,JP3829100001,21200,-70500,0.2,2800,-800,0.0,757.1,0,0,21200,-70500,1000,-100,1800,-700
B,,喚,出前館　普通株式,スタンダード,貸,24840,JP3952870008,1527800,18500,1.4,3190500,48000,2.8,47.9,377100,0,1150700,18500,2153500,22500,1037000,25500
B,,喚,アドウェイズ　普通株式,スタンダード,貸,24890,JP3121970002,161100,-600,0.4,761100,-24400,1.8,21.2,24400,0,136700,-600,492900,-3300,268200,-21100
B,,喚,まんだらけ　普通株式,スタンダード,貸,26520,JP3879700007,92900,-505300,0.3,869400,17000,2.4,10.7,0,0,92900,-505300,642400,10900,227000,6100
B,,喚,ピエトロ　普通株式,スタンダード,貸,28180,JP3801590005,3200,-13600,0.0,1100,-100,0.0,290.9,0,0,3200,-13600,700,0,400,-100
B,,喚,あじかん　普通株式,スタンダード,貸,29070,JP3119400004,200,-5400,0.0,21100,0,0.3,0.9,0,0,200,-5400,5700,0,15400,0
B,,喚,東京一番フーズ　普通株式,スタンダード,貸,30670,JP3570800007,32900,-248600,0.4,74500,2000,0.8,44.2,0,0,32900,-248600,23400,1900,51100,100
B,,喚,ファンデリー　普通株式,スタンダード,貸,31370,JP3802970008,208600,-8400,1.6,276500,700,2.1,75.4,0,0,208600,-8400,119800,0,156700,700
B,,喚,ジェネレーションパス　普通株式,スタンダード,貸,31950,JP3386510006,131600,9100,1.6,623800,-200,7.5,21.1,0,0,131600,9100,503000,500,120800,-700
B,,喚,ジェイテックコーポレーション　普通株式,スタンダード,貸,34460,JP3386660009,61000,-3000,1.0,145400,200,2.5,42.0,0,0,61000,-3000,74000,200,71400,0
B,,喚,共和レザー　普通株式,スタンダード,貸,35530,JP3256400007,39500,-800,0.2,266700,3200,1.1,14.8,0,0,39500,-800,216700,3200,50000,0
B,,喚,ボルテージ　普通株式,スタンダード,貸,36390,JP3855700005,17200,-100,0.3,663300,9900,10.0,2.6,0,0,17200,-100,505200,0,158100,9900
B,,喚,ジョルダン　普通株式,スタンダード,貸,37100,JP3394800001,14900,-7500,0.3,33800,0,0.6,44.1,0,0,14900,-7500,14500,0,19300,0
B,,喚,インタートレード　普通株式,スタンダード,貸,37470,JP3152810002,177200,-1600,2.4,655800,-2500,8.8,27.0,0,0,177200,-1600,344100,200,311700,-2700
B,,喚,キーウェアソリューションズ　普通株式,スタンダード,貸,37990,JP3236150003,4700,-40000,0.1,48600,500,0.5,9.7,0,0,4700,-40000,14000,300,34600,200
B,,喚,モバイルファクトリー　普通株式,スタンダード,貸,39120,JP3922980002,1900,-77100,0.0,62800,2200,0.8,3.0,0,0,1900,-77100,42300,2200,20500,0
B,,喚,フジプレアム　普通株式,スタンダード,貸,42370,JP3820720005,148000,0,0.5,379000,100,1.3,39.1,0,0,148000,0,144600,-7300,234400,7400
B,,喚,アズジェント　普通株式,スタンダード,貸,42880,JP3119910002,72100,-200,1.9,284200,-1900,7.4,25.4,0,0,72100,-200,67400,500,216800,-2400
B,,喚,ＨＥＲＯＺ　普通株式,スタンダード,貸,43820,JP3783070000,301200,44600,1.7,478400,11900,2.7,63.0,0,-100,301200,44700,141800,-2700,336600,14600
B,,喚,わかもと製薬　普通株式,スタンダード,貸,45120,JP3991200001,126900,-500,0.4,566200,-4200,1.6,22.4,0,0,126900,-500,178100,-200,388100,-4000
B,,喚,藤倉化成　普通株式,スタンダード,貸,46200,JP3811200009,19900,500,0.1,4061900,-1700,13.2,0.5,300,200,19600,300,3297900,-100,764000,-1600
B,,喚,セルソース　普通株式,スタンダード,貸,48800,JP3423580004,215400,22700,1.1,486900,-13400,2.5,44.2,0,0,215400,22700,329900,-28600,157000,15200
B,,喚,アドバネクス　普通株式,スタンダード,貸,59980,JP3213400009,7900,-400,0.2,98100,-4600,2.4,8.1,0,0,7900,-400,58800,-4700,39300,100
B,,喚,パンチ工業　普通株式,スタンダード,貸,61650,JP3782950004,3200,-3900,0.0,918000,2300,3.3,0.3,200,0,3000,-3900,178000,3000,740000,-700
B,,喚,北川鉄工所　普通株式,スタンダード,貸,63170,JP3237200005,49000,-51500,0.5,224100,5100,2.3,21.9,3300,200,45700,-51700,63300,-900,160800,6000
B,,喚,日本ギア工業　普通株式,スタンダード,貸,63560,JP3698800004,351300,400,2.5,922300,9400,6.5,38.1,100,0,351200,400,348000,12600,574300,-3200
B,,喚,サンデン　普通株式,スタンダード,貸,64440,JP3336400001,278200,-7700,0.2,914300,-32000,0.8,30.4,62800,0,215400,-7700,662900,-6700,251400,-25300
B,,喚,共和コーポレーション　普通株式,スタンダード,貸,65700,JP3254830007,66000,-6500,1.1,128600,2700,2.1,51.3,0,0,66000,-6500,41700,3400,86900,-700
B,,喚,インスペック　普通株式,スタンダード,貸,66560,JP3152650002,114900,-3100,2.9,380900,-2600,9.4,30.2,0,0,114900,-3100,107400,-300,273500,-2300
B,,喚,サン電子　普通株式,スタンダード,貸,67360,JP3336450006,40500,0,0.2,16500,700,0.1,245.5,0,0,40500,0,5100,700,11400,0
B,,喚,精工技研　普通株式,スタンダード,貸,68340,JP3414870000,356900,-15900,0.8,1429900,-8000,3.1,25.0,0,-100,356900,-15800,839200,-1400,590700,-6600
B,,喚,協立電機　普通株式,スタンダード,貸,68740,JP3253850006,100,0,0.0,52500,300,0.6,0.2,0,0,100,0,19700,0,32800,300
B,,喚,ウイルテック　普通株式,スタンダード,貸,70870,JP3154220002,2500,-33900,0.0,33500,3500,0.5,7.5,0,0,2500,-33900,11700,0,21800,3500
B,,喚,レシップホールディングス　普通株式,スタンダード,貸,72130,JP3979550005,9900,-12400,0.1,173800,-600,1.1,5.7,0,0,9900,-12400,87900,400,85900,-1000
B,,喚,ヤマトインターナショナル　普通株式,スタンダード,貸,81270,JP3939600007,29500,100,0.1,50400,-700,0.2,58.5,0,0,29500,100,29300,0,21100,-700
B,,喚,フォーバル　普通株式,スタンダード,貸,82750,JP3802750004,39300,-496000,0.1,46800,-21400,0.2,84.0,7400,-269700,31900,-226300,18500,-6200,28300,-15200
B,,喚,大光銀行　普通株式,スタンダード,貸,85370,JP3441600008,7800,1200,0.1,174800,-2000,1.8,4.5,0,0,7800,1200,111300,-1400,63500,-600
B,,喚,福島銀行　普通株式,スタンダード,貸,85620,JP3805100009,408700,26900,1.2,843400,-9800,2.4,48.5,0,0,408700,26900,584400,-4700,259000,-5100
B,,喚,日本石油輸送　普通株式,スタンダード,貸,90740,JP3724600006,800,0,0.0,43200,21300,0.7,1.9,0,0,800,0,37700,18600,5500,2700
B,,喚,乾汽船　普通株式,スタンダード,貸,93080,JP3146800002,44500,500,0.2,80900,5900,0.3,55.0,400,100,44100,400,44800,100,36100,5800
B,,喚,スマートバリュー　普通株式,スタンダード,貸,94170,JP3400090001,103200,-3700,1.0,193000,-1100,1.8,53.5,0,0,103200,-3700,136900,200,56100,-1300
B,,喚,進学会ホールディングス　普通株式,スタンダード,貸,97600,JP3371900006,54900,100,0.3,485300,400,2.4,11.3,0,0,54900,100,55100,0,430200,400
B,,喚,Ｌｉｂ　Ｗｏｒｋ　普通株式,グロース,貸,14310,JP3162680007,145700,-149200,0.6,69300,-7800,0.3,210.2,0,0,145700,-149200,35400,0,33900,-7800
B,,喚,ＲＯＸＸ　普通株式,グロース,貸,241A0,JP3984210009,21400,-900,0.3,195000,-4700,2.7,11.0,0,0,21400,-900,117200,200,77800,-4900
B,,喚,アスカネット　普通株式,グロース,貸,24380,JP3119670002,143200,-4700,0.8,446300,700,2.6,32.1,6200,0,137000,-4700,234800,200,211500,500
B,,喚,ユカリア　普通株式,グロース,貸,286A0,JP3946900002,161400,-300,0.4,1222600,-3200,3.2,13.2,0,0,161400,-300,418300,-500,804300,-2700
B,,喚,ＦＦＲＩセキュリティ　普通株式,グロース,貸,36920,JP3166830004,191400,5700,2.3,436700,-10500,5.3,43.8,0,0,191400,5700,209400,-2500,227300,-8000
B,,喚,ココペリ　普通株式,グロース,貸,41670,JP3297370003,50300,-500,0.6,338700,-4400,4.3,14.9,0,0,50300,-500,186300,-1000,152400,-3400
B,,喚,Ｋａｉｚｅｎ　Ｐｌａｔｆｏｒｍ　普通株式,グロース,貸,41700,JP3205610003,477300,100,2.8,1960200,12700,11.5,24.3,0,0,477300,100,873200,30200,1087000,-17500
B,,喚,スパイダープラス　普通株式,グロース,貸,41920,JP3399950009,537800,-10500,1.5,910500,800,2.6,59.1,0,0,537800,-10500,587300,1600,323200,-800
B,,喚,Ｋｕｄａｎ　普通株式,グロース,貸,44250,JP3266220007,250500,1200,2.2,641700,1100,5.7,39.0,0,0,250500,1200,313800,-2800,327900,3900
B,,喚,ノイルイミューン・バイオテック　普通株式,グロース,貸,48930,JP3759560000,358800,-10300,0.8,1075500,600,2.5,33.4,0,0,358800,-10300,726600,15100,348900,-14500
B,,喚,ＦＩＸＥＲ　普通株式,グロース,貸,51290,JP3803130008,634700,27300,4.1,803400,-12800,5.1,79.0,0,0,634700,27300,424700,-3100,378700,-9700
B,,喚,ＡＣＳＬ　普通株式,グロース,貸,62320,JP3394900009,1002800,-9300,4.2,2528000,6000,10.6,39.7,0,0,1002800,-9300,761500,-17000,1766500,23000
B,,喚,ＷＡＳＨハウス　普通株式,グロース,貸,65370,JP3155550001,104000,96000,1.5,386900,81800,5.6,26.9,0,0,104000,96000,189200,-400,197700,82200
B,,喚,ジーニー　普通株式,グロース,貸,65620,JP3386640001,131100,-900,0.7,636100,-500,3.5,20.6,0,0,131100,-900,571900,-500,64200,0
B,,喚,ベルトラ　普通株式,グロース,貸,70480,JP3835830005,230300,-600,0.6,1396800,17300,3.8,16.5,0,0,230300,-600,685500,15300,711300,2000
B,,喚,識学　普通株式,グロース,貸,70490,JP3348200001,7700,300,0.1,51300,-1500,0.6,15.0,0,0,7700,300,24300,-100,27000,-1400
B,,喚,プレシジョン・システム・サイエンス　普通株式,グロース,貸,77070,JP3833400009,300500,-100,1.1,1281200,3800,4.6,23.5,0,0,300500,-100,753800,-300,527400,4100
B,,喚,マイクロ波化学　普通株式,グロース,貸,92270,JP3860340003,605500,-800,3.8,1078000,1200,6.8,56.2,0,0,605500,-800,436400,-700,641600,1900
A,,喚,ＮＥＸＴ　ＦＵＮＤＳ　不動産（ＴＯＰＩＸ－１７）上場投信　受益証券,投信等,貸,16330,JP3046720003,253,6,*,472,11,*,53.6,0,0,253,6,317,0,155,11
J,,喚,ＮＥＸＴ　ＦＵＮＤＳ　ＮＯＭＵＲＡ　原油インデックス連動型上場投信　受益証券,投信等,貸,16990,JP3047180009,946410,55340,*,498120,-495560,*,190.0,37440,9810,908970,45530,173710,-503670,324410,8110
J,,喚,ＭＡＸＩＳ　ＮＹダウ上場投信　受益証券,投信等,貸,22410,JP3049840006,3920,70,*,18510,2260,*,21.2,0,0,3920,70,10820,2030,7690,230
J,,喚,東証グロース２５０ＥＴＦ　受益証券,投信等,貸,25160,JP3048700003,746840,-6820,*,975010,-24590,*,76.6,0,0,746840,-6820,354160,17230,620850,-41820
A,,喚,グローバルＸ　ＵＳ　テック・配当貴族　ＥＴＦ　受益証券,投信等,貸,283A0,JP3050590003,0,0,*,1264,9,*,0.0,0,0,0,0,1103,1,161,8
A,,喚,Ｏｎｅ　ＥＴＦ　ＦＴＳＥ・サウジアラビア・インデックス　受益証券,投信等,貸,295A0,JP3050610009,0,0,*,108,1,*,0.0,0,0,0,0,108,1,0,0
A,,喚,いちごオフィスリート投資法人　投資証券,投信等,貸,89750,JP3046300004,151,-137,0.0,2896,75,0.2,5.2,31,30,120,-167,1462,72,1434,3
