date,close,ret_1d,ret_5d,ret_20d,ret_60d,ma20,ma50,ma200,vol20_ann,high_52w,drawdown_52w,volume_ratio20,series,ticker,fetched_at,data_status,source
2026-10-02,68309.4609375,-0.009386435785127878,0.02931185369371514,0.031625859942771894,-0.020569625038687755,65348.378515625,65581.608125,60309.50677734375,0.23671047969624184,72366.34375,-0.056060353505147154,1.118419001901437,JP_NIKKEI,^N225,2026-10-05T18:20:59+00:00,ok,yfinance
2026-10-05,436.29998779296875,0.014179394265107392,0.018916336653491905,0.027797379959879187,0.00206705077882563,426.7049987792969,425.3779992675781,399.19039901733396,0.13819138166124728,437.79998779296875,-0.003426222114719102,0.7946887007649492,JP_TOPIX_PROXY,1306.T,2026-10-05T18:20:59+00:00,ok,yfinance
2026-10-05,7776.72998046875,0.006993619362409165,0.01210877062609228,0.007531143222480274,0.02657814846711104,7672.961010742188,7664.93701171875,7230.70076171875,0.10551811636502359,7798.990234375,-0.002854248208714938,0.2974420268867089,US_SP500,^GSPC,2026-10-05T18:20:59+00:00,ok,yfinance
2026-10-05,27461.73828125,0.009962131115982764,0.023913061683865422,0.03601872707663567,0.04490322070506769,26674.52177734375,26356.19046875,24751.342685546875,0.14240329036060598,27461.73828125,0.0,0.5192181115232444,US_NASDAQ,^IXIC,2026-10-05T18:20:59+00:00,ok,yfinance
2026-10-05,15.619999885559082,0.020248168350484264,-0.02800247777291942,0.020915012472875638,-0.08974358831857876,15.934500026702882,15.722999992370605,18.04910003185272,0.9612297805134601,31.049999237060547,-0.49694041000440936,,VIX,^VIX,2026-10-05T18:20:59+00:00,ok,yfinance
2026-10-05,158.07699584960938,0.0009497672635416787,0.003899318716662048,0.012036015730725769,-0.02348070764024368,156.26754989624024,158.04612091064453,158.49748512268067,0.0860243897762165,163.86399841308594,-0.03531588768442029,,USDJPY,JPY=X,2026-10-05T18:20:59+00:00,ok,yfinance
2026-10-05,5.345000267028809,0.012886169653005819,0.020038263453633354,0.11726596081343388,0.16984034564381734,5.075399994850159,4.845139980316162,4.456329987049103,0.15466572737534845,5.345000267028809,0.0,,US10Y,^TNX,2026-10-05T18:20:59+00:00,ok,yfinance
2026-10-05,4166.2001953125,0.0009370758494156028,-0.0005277101724364686,-0.06933831380342903,0.012762232906477378,4318.809985351562,4368.18,4552.535001220703,0.1651387254499248,5318.39990234375,-0.21664405238189977,0.6183345914140828,GOLD,GC=F,2026-10-05T18:20:59+00:00,ok,yfinance
2026-10-05,90.0199966430664,-0.01196360399498575,-0.02786179129123545,-0.01595984543387674,0.26060764636022027,95.97100067138672,88.590400390625,82.55830001831055,0.4672947838154974,112.94999694824219,-0.20301018968316697,0.6123489766563317,WTI,CL=F,2026-10-05T18:20:59+00:00,ok,yfinance
2026-10-05,6.640999794006348,0.022951276747629867,0.011422450417214458,0.006669648495053693,0.06537254992255948,6.581599998474121,6.5595200157165525,6.124132485389709,0.2745794891507296,6.803500175476074,-0.023884820647977034,9.506755055802635,COPPER,HG=F,2026-10-05T18:20:59+00:00,ok,yfinance
2026-10-05,76.75499725341797,-0.009357331854719764,-0.023721768354239114,-0.06635448110697029,-0.0913342471385481,80.02275009155274,81.54009979248048,85.36867504119873,0.10375877543402232,92.05999755859375,-0.1662502792859032,0.6259101805402991,TLT,TLT,2026-10-05T18:20:59+00:00,ok,yfinance
2026-10-05,76.84500122070312,-0.0008451753778588866,-0.008963111769644594,-0.02924459745211394,-0.03594276623605719,78.0932502746582,78.95669998168945,79.86667510986328,0.038542852855488925,81.27999877929688,-0.05456443928642629,0.3889344638761106,HYG,HYG,2026-10-05T18:20:59+00:00,ok,yfinance
2026-10-05,101.51000213623047,-0.0031424893358553696,-0.009368586640347343,-0.03763747719336952,-0.05536941186426947,103.76100006103516,105.22900024414062,108.36810001373291,0.06788098215876391,112.91999816894531,-0.1010449541067453,0.5558549018293524,LQD,LQD,2026-10-05T18:20:59+00:00,ok,yfinance
