date,2y_realized_vol_20d_bps_ann,5y_realized_vol_20d_bps_ann,10y_realized_vol_20d_bps_ann,30y_realized_vol_20d_bps_ann,curve_realized_vol_20d_bps_ann,percentile_rank,data_status
2025-01-31,78.83179962159288,91.6852740285167,81.18575192599668,71.10496318453244,81.03654146514145,1.0,ok
2025-02-03,79.43935124556224,90.98825835180452,81.61346638108718,73.53946309009186,81.63682412141956,1.0,ok
2025-02-04,81.31634133691132,91.76841561922679,81.35303183946921,72.74613391789312,82.07329843371404,1.0,ok
2025-02-05,81.80419497672167,92.8353380992388,83.93681834382464,77.47413829958484,84.1991061335227,1.0,ok
2025-02-06,83.25060454972541,94.5868022395023,84.61354874710642,77.78594109207005,85.27518920962214,1.0,ok
2025-02-07,88.29543708780392,97.50400801478544,86.25525155636983,79.66858986154054,88.16202189867909,1.0,ok
2025-02-10,73.99345632518705,83.34613936691011,78.80235102023161,78.25767155937349,78.66969589766815,0.14285714285714285,ok
2025-02-11,74.18589736884664,83.9368183438245,79.43517714728823,80.10440555596007,79.49150898051947,0.25,ok
2025-02-12,78.18984992682199,94.33406484125273,85.96645612648796,86.1629423335751,86.35226203114048,0.8888888888888888,ok
2025-02-13,71.4770482116646,86.19756987660149,82.74322996634334,87.64713944351872,82.26094552030601,0.6,ok
2025-02-14,72.33933195273801,86.1975698766014,82.74322996634334,87.23380561517018,82.33950896648655,0.6363636363636364,ok
2025-02-18,71.71786828663383,89.340743342848,88.3254746586976,92.60288730294602,85.88059335955643,0.8333333333333334,ok
2025-02-19,71.45384966241465,89.69263303668058,87.49568410408666,91.64186586351994,85.44610489721153,0.7692307692307693,ok
2025-02-20,71.45384966241465,89.42606472741379,87.17677141122076,91.46802720076566,85.2479664829238,0.6428571428571429,ok
2025-02-21,78.1940905022476,92.77459951834602,88.50173950119206,91.98855764083989,88.0566504257943,0.9333333333333333,ok
2025-02-24,80.46784254725944,92.99235961824193,88.50173950119205,91.9128305572875,88.60471057930339,1.0,ok
2025-02-25,75.43139092474776,92.99235961824206,88.50173950119218,94.47455797865996,88.1695436137256,0.9411764705882353,ok
2025-02-26,75.00821007694678,94.30594109766272,88.68513196460265,94.30594109766263,88.42865098931173,0.9444444444444444,ok
2025-02-27,75.00821007694682,94.84236228716878,90.69625420223169,96.6672534767429,89.71019128868618,1.0,ok
2025-02-28,79.03343729413731,95.85778940427183,91.46802720076582,97.43256777463023,91.23390990081211,1.0,ok
2025-03-03,77.10089084064509,94.05244897340403,89.93260634614428,93.68862201322446,88.96044360453588,0.9047619047619048,ok
2025-03-04,74.72475810388569,96.36837218659845,94.04187197312984,98.61311965667171,91.43176921099497,1.0,ok
2025-03-05,75.1495351388082,100.69929179701855,97.8028091298212,100.25378323350985,94.0797673869306,1.0,ok
2025-03-06,74.72032063494842,98.3842092593064,93.57530038479861,93.00662115649271,90.37304267371596,0.875,ok
2025-03-07,73.90377812434663,97.78585625851304,94.02424099527138,94.16519638659659,90.4592231485082,0.88,ok
2025-03-10,72.10518632343216,100.34634758517252,97.89430390396647,96.74954100258313,92.4828575865195,0.9615384615384616,ok
2025-03-11,76.23592191003993,103.0685515362932,100.69929179701865,98.45159109670942,95.22093423081661,1.0,ok
2025-03-12,81.82445908934064,105.34994317186808,101.3066215947774,98.45159109670942,97.14628145225132,1.0,ok
2025-03-13,77.75183192967908,96.2306439867535,96.19962796732993,93.64614247260795,91.28205276994355,0.8275862068965517,ok
2025-03-14,84.70363193605036,98.19529413100055,93.06008245949744,87.17677141122049,90.93540217330687,0.7666666666666667,ok
2025-03-17,85.71924797666047,97.43597087858605,91.93086647327087,86.86813963825006,90.60755458221149,0.7419354838709677,ok
2025-03-18,84.45272735616494,93.03157358773718,85.88928001242455,81.02221917474246,86.21007084899938,0.40625,ok
2025-03-19,85.4829622913552,93.29139408609106,86.39736838097522,81.10811498111319,86.67994668834744,0.45454545454545453,ok
2025-03-20,85.76178758938218,93.17403071671865,86.19756987660163,81.02221917474246,86.64742532695067,0.4411764705882353,ok
2025-03-21,81.25107286741053,90.10940718458824,82.77127648240273,79.52278720096857,83.51107710956681,0.22857142857142856,ok
2025-03-24,88.38176758871285,96.91732776471223,89.66675145107861,83.68361469499905,89.78777609921141,0.6944444444444444,ok
2025-03-25,90.31156596675987,89.18844626614165,82.80331801132267,73.10986685515809,84.1311476208426,0.24324324324324326,ok
2025-03-26,90.57552823908603,86.62733250448218,81.67844526588797,72.08678979645224,83.03025764268429,0.21052631578947367,ok
2025-03-27,90.16826375989325,86.02814716860502,81.18575192599685,71.41671630942612,82.49641140520507,0.20512820512820512,ok
2025-03-28,90.16826375989325,92.25850410096284,88.95019304141674,76.95884067405613,87.28795359100405,0.525,ok
2025-03-31,89.69263303668046,90.01736674547575,85.14093579100745,75.8871738694673,85.37525525892342,0.36585365853658536,ok
2025-04-01,89.86990597524843,90.31523739249744,85.23435185910755,75.42699502795665,85.42184793870463,0.38095238095238093,ok
2025-04-02,90.44730946508955,87.59794518137971,82.9513490896291,74.32878595169345,84.0532725810183,0.2558139534883721,ok
2025-04-03,113.99376714263117,111.35703603133582,95.70200459870517,76.12710977112746,100.435525272894,1.0,ok
2025-04-04,113.01220241521195,110.13546682441397,95.31316803044609,78.69708748706904,100.22401225045309,0.9777777777777777,ok
2025-04-07,110.6550828856092,112.20244860823766,104.70273710794191,97.25885157931044,106.36715213180993,1.0,ok
2025-04-08,108.55864289575663,112.94176422060688,110.09029786593622,106.22756109806026,109.48172161790782,1.0,ok
2025-04-09,129.32456110601404,129.30148368913066,112.94470002243546,105.4851947705909,119.71564994646806,1.0,ok
2025-04-10,129.3245611060141,126.985618746459,113.106051771638,114.38867260814189,121.1692378886916,1.0,ok
2025-04-11,133.52279521529383,130.61038888316088,115.542336738303,114.50456207873182,123.84338581662865,1.0,ok
2025-04-14,138.6684041726503,138.62774841848568,121.80108892435219,116.08345455340597,129.1873181000936,1.0,ok
2025-04-15,138.6779685002937,138.62774841848565,122.10832119582685,115.79460036497493,129.1975843020051,1.0,ok
2025-04-16,139.62159386600712,140.04841268196097,123.24353297862196,117.32222834210886,130.4427279044636,1.0,ok
2025-04-17,140.3038807281126,140.86992880705685,124.30438024208345,118.44452398974772,131.34896269099357,1.0,ok
2025-04-21,141.5625954164894,141.0745603535498,127.12915107335385,123.11432427668723,133.47374076455728,1.0,ok
2025-04-22,135.81752464244084,136.99162479202113,123.53107429221818,122.41207370792195,129.86314658942038,0.9464285714285714,ok
2025-04-23,135.27690898768788,137.16578520745966,123.01463327588327,124.13354438710469,130.05386535869232,0.9473684210526315,ok
2025-04-24,135.3357229069135,140.41491148884816,125.76557139125346,125.88415727418447,131.99991028705097,0.9827586206896551,ok
2025-04-25,135.5120115087881,140.4338015991127,125.57560104951685,125.68117557827374,131.95657180339782,0.9661016949152542,ok
2025-04-28,134.88661905467137,137.35903779205034,121.18155148805724,122.6258751779489,129.21298207549475,0.8833333333333333,ok
2025-04-29,134.85711736969313,137.7639858216715,121.18155148805728,122.62587517794894,129.31302291237674,0.8852459016393442,ok
2025-04-30,135.5120115087881,137.7639858216715,119.46195166134228,119.69487523655617,128.39435550800437,0.8225806451612904,ok
2025-05-01,140.24478599933772,141.24603394525158,122.40936496681529,122.42290807300995,131.90002194644893,0.9523809523809523,ok
2025-05-02,129.62163562095895,127.23343651894753,112.98872789610017,121.06109810209152,122.89462752164647,0.78125,ok
2025-05-05,128.9522555464864,126.60643535651816,110.56814997762106,115.95770553820142,120.757379637197,0.7538461538461538,ok
2025-05-06,129.46550038320524,123.86614167169166,103.76111227744546,102.39721418907953,115.49425823048756,0.7272727272727273,ok
2025-05-07,129.1988675198861,122.58260372843333,97.58558996297086,93.71693100979546,111.83095795840595,0.7164179104477612,ok
2025-05-08,115.45046784797285,113.7870587406236,101.35570505585,95.86816605713247,106.9345471230934,0.6911764705882353,ok
2025-05-09,112.79193700186018,113.61208238192766,98.97224491319737,81.64190100677476,102.58000728571265,0.6666666666666666,ok
2025-05-12,110.21070728382072,111.19314632419434,98.97224491319737,84.40952802292307,101.77277321769839,0.6571428571428571,ok
2025-05-13,101.17561595146285,100.99192255350235,92.774599518346,83.69946236386475,94.93234433005436,0.5915492957746479,ok
2025-05-14,101.38187318513268,100.72563046007176,92.54916190015479,83.8261358564952,94.88954797968782,0.5833333333333334,ok
2025-05-15,103.709970083579,104.36333294389307,94.77241437420389,84.82880593164965,97.24350878079217,0.6301369863013698,ok
2025-05-16,103.17144647828225,103.83777833970787,93.91132435497482,83.123053993842,96.37869386736342,0.6081081081081081,ok
2025-05-19,100.25378323350988,103.71316720952824,90.18297190186547,74.0068986827011,92.75940865883551,0.5466666666666666,ok
2025-05-20,100.3298245000485,103.7099700835789,90.28218918596599,74.35108748718018,92.87194069481406,0.5526315789473685,ok
2025-05-21,99.53349079316814,107.0329511486016,96.34084229825305,82.06319772621978,96.6681109994942,0.6233766233766234,ok
2025-05-22,97.89430390396628,102.36158819030749,92.40574144841649,79.18851591380901,93.36866655756012,0.5512820512820513,ok
2025-05-23,96.78038078692995,102.36158819030749,92.40574144841649,78.02428771660925,92.83176634162074,0.5316455696202531,ok
2025-05-27,97.97556086247116,99.77305827674489,94.68840867203406,85.2343518591073,94.58417303901162,0.575,ok
2025-05-28,97.65012733438218,97.9112379980755,93.33403508508131,82.12782078789385,92.97631277288914,0.5432098765432098,ok
2025-05-29,96.8214852189327,97.9112379980755,94.56226019206396,85.42475913740812,93.80887624930753,0.5609756097560976,ok
2025-05-30,92.77459951834594,95.36881317451626,91.78647991254957,81.74337249813225,90.56637577518839,0.42168674698795183,ok
2025-06-02,82.80331801132255,88.98000958228292,89.24791019225172,83.3660286738075,86.15235891934952,0.23809523809523808,ok
2025-06-03,82.93136033079278,88.98000958228292,88.83455942012905,82.86736390159872,85.95584851967226,0.23529411764705882,ok
2025-06-04,87.6282218418124,96.11686965137253,92.31599051769507,89.41494046828736,91.42542258440395,0.4883720930232558,ok
2025-06-05,89.07312194276999,97.50400801478553,91.27932837983467,88.08112289546675,91.55770397893744,0.5057471264367817,ok
2025-06-06,89.07312194276999,99.23990071910002,91.27932837983454,91.13390957093962,92.76298320252302,0.5340909090909091,ok
2025-06-09,89.54463750143363,100.59386818186016,91.75757533620276,91.61291566034487,93.4742576440447,0.5842696629213483,ok
2025-06-10,82.45017634273053,95.45222006736911,87.84364099442757,89.74067903511877,88.99305117757636,0.36666666666666664,ok
2025-06-11,84.84834768728942,96.97205240360964,89.11778131982638,88.2015037465795,89.89480694561539,0.3956043956043956,ok
2025-06-12,84.76624203935005,95.94077120258808,88.95019304141636,90.57552823908603,90.14711660158041,0.40217391304347827,ok
2025-06-13,82.08339789827362,91.97053303840535,87.03973684170725,91.18846880009156,88.15826080049679,0.3010752688172043,ok
2025-06-16,81.8366151484002,92.26209805137803,88.6514760764099,93.31627037012073,89.1298727168748,0.3723404255319149,ok
2025-06-17,82.45017634273056,93.75937847827045,91.44990000282276,97.25885157931035,91.39368284054365,0.49473684210526314,ok
2025-06-18,82.45017634273056,93.76998734305009,91.04654680003239,95.99605255042083,90.96092278382073,0.46875,ok
2025-06-20,82.64699822612721,88.38176758871282,82.24482066559426,84.38988465200639,84.4507642295045,0.14432989690721648,ok
2025-06-23,84.87960513822536,88.90917897080784,82.24482066559426,84.14198526425746,85.07860142863551,0.15306122448979592,ok
2025-06-24,89.63346414557925,89.78500636755022,82.64298613853875,84.86007058061737,86.78507936275675,0.2828282828282828,ok
2025-06-25,86.01272855620968,89.42606472741357,78.46501064000954,78.02003791199716,83.12504847644009,0.1,ok
2025-06-26,84.64489290404258,89.66675145107831,76.82084421082033,77.01483110756217,82.21558630563268,0.0594059405940594,ok
2025-06-27,85.32766565608006,90.42897765650117,77.27272276949026,77.13098906201205,82.73220909085302,0.09803921568627451,ok
2025-06-30,84.98501415884417,90.42897765650117,78.66337340712923,80.63249965119526,83.79943160214212,0.13592233009708737,ok
2025-07-01,85.96645612648784,90.42897765650117,76.39233910336941,75.42699502795644,82.2992293882192,0.07692307692307693,ok
2025-07-02,85.39370123449567,90.42897765650117,78.38044868997675,77.5297565963852,83.10210903650868,0.12380952380952381,ok
2025-07-03,88.08112289546673,86.10134787134953,74.61818601527712,72.88729583910232,80.70340435002848,0.02830188679245283,ok
2025-07-07,86.47409103918139,83.56862921858698,76.04430841361662,75.97451096117334,80.64791901906241,0.028037383177570093,ok
2025-07-08,73.760066217575,66.17775107120296,64.63150608602095,68.96017157140689,68.47039314070058,0.009259259259259259,ok
2025-07-09,74.25737602916519,68.96017157140707,69.83928919877029,72.91003829522046,71.52458171477608,0.01834862385321101,ok
2025-07-10,74.25737602916519,69.26721712629329,69.93892072071847,72.70510008897143,71.5709254405799,0.02727272727272727,ok
2025-07-11,72.21546707050037,70.29359482687032,73.18239650281167,81.08767185161851,74.30870884712175,0.036036036036036036,ok
2025-07-14,70.80588735557603,68.030720614796,70.6699519262831,76.44006940424823,71.55239155221928,0.026785714285714284,ok
2025-07-15,69.76328396422923,70.29359482687042,72.74157574664765,74.89761432501646,71.95327431194862,0.04424778761061947,ok
2025-07-16,73.82746600583084,73.17786550590284,72.28889410225013,72.08218993109968,72.84747945644992,0.05263157894736842,ok
2025-07-17,74.15013219990348,71.34703918173483,67.42855868484658,65.20356787138157,69.61816913481859,0.017391304347826087,ok
2025-07-18,74.83117841620496,73.54397180920871,68.34679371065128,65.43200568850858,70.64179469616221,0.02586206896551724,ok
2025-07-21,74.25737602916526,75.32141653921336,71.9210093015065,69.45843133997835,72.77461601988773,0.06837606837606838,ok
2025-07-22,71.45384966241463,73.97104696753783,71.26798941873896,70.66995192628279,71.85182120535507,0.059322033898305086,ok
2025-07-23,65.20356787138184,74.70700664666779,71.64385601894402,70.8807746185542,70.69223511293978,0.03361344537815126,ok
2025-07-24,65.40666310818322,74.61374220822725,71.9394482222816,70.8573808509219,70.78363994745202,0.041666666666666664,ok
2025-07-25,62.968413134138814,73.8499189323576,71.93944822228156,72.1925058072983,70.36667123754417,0.024793388429752067,ok
2025-07-28,62.6357893321635,72.88729583910246,71.60219049868891,72.1925058072983,69.95432720523324,0.02459016393442623,ok
2025-07-29,65.77569539931274,74.89761432501672,75.43139092474776,76.98038027555062,73.40294343732515,0.12195121951219512,ok
2025-07-30,68.24969635559998,75.76473280387195,76.28809660891103,77.50836966690119,74.54149321368814,0.13709677419354838,ok
2025-07-31,68.24969635559998,75.25094858643243,75.39181862635687,76.44006940424815,73.90489977346776,0.128,ok
2025-08-01,107.47812506934179,98.29991701019145,88.81962798722746,80.59548113230248,94.33845841883416,0.7222222222222222,ok
2025-08-04,106.98337303180891,97.78585625851281,86.32057753087125,77.15248060275093,92.75136543185593,0.6456692913385826,ok
2025-08-05,107.89995366078718,97.29975388079436,85.71924797666048,76.66962618238938,92.6494241184136,0.640625,ok
2025-08-06,107.57680242995073,94.81089211244607,81.66220539192952,74.11882352007449,90.44914244160108,0.5426356589147286,ok
2025-08-07,108.41499216582463,95.1216395768569,81.66220539192955,74.0785500596989,90.77208300260368,0.5692307692307692,ok
2025-08-08,108.4149921658246,94.24966843442999,77.18685462120983,65.64954804029267,87.89835637047811,0.42748091603053434,ok
2025-08-11,108.4149921658246,94.24966843442999,77.18685462120983,65.40666310818285,87.85307711113326,0.42424242424242425,ok
2025-08-12,106.83450063680647,89.78500636755028,72.37599194847905,65.40666310818285,85.1341201930966,0.3157894736842105,ok
2025-08-13,105.6108547052762,89.78500636755031,73.00093726867655,67.13286119801194,85.22170776089973,0.3208955223880597,ok
2025-08-14,108.55864289575675,91.76841561922684,75.85221087573404,70.29359482687,87.89364086930946,0.43703703703703706,ok
2025-08-15,108.4363990161005,91.47890179535504,77.337061313652,72.1787255432831,88.48394145118556,0.4852941176470588,ok
2025-08-18,108.45168703645254,90.07628346077155,74.7425053451056,69.48229611695466,87.01973460386044,0.41605839416058393,ok
2025-08-19,108.45168703645254,90.54989900892392,75.32141653921322,69.48229611695466,87.26705835356317,0.42028985507246375,ok
2025-08-20,106.56413932216456,87.44640463855863,72.74157574664733,66.97462205940373,84.82294252705076,0.2949640287769784,ok
2025-08-21,107.71541452510779,88.2202984161331,73.47179910113722,67.85991763222677,85.7153796922668,0.35714285714285715,ok
2025-08-22,113.80745512533558,94.05244897340387,76.5830818200248,67.85991763222677,89.81639165835102,0.5460992907801419,ok
2025-08-25,115.84326979973737,95.46958733158515,76.58308182002486,66.21281478766201,90.53067232479245,0.5845070422535211,ok
2025-08-26,121.64854467297434,94.8108921124461,71.81027635007175,55.614462337171005,89.4946337703228,0.5244755244755245,ok
2025-08-27,116.63911955483168,93.03157358773701,70.07154238798778,54.72495822411895,86.83950713816837,0.4097222222222222,ok
2025-08-28,117.71723479771795,93.03157358773701,70.21808134211878,55.822745788508186,87.40563332441508,0.43448275862068964,ok
2025-08-29,79.37253933193773,65.64954804029301,49.93469419362182,48.98947255332127,62.25613476429027,0.00684931506849315,ok
2025-09-02,83.72718856657714,69.19058347857218,52.800717698471516,51.05755266569787,65.55983606800093,0.013605442176870748,ok
2025-09-03,84.54690383076385,70.88077461855451,57.35209811240338,57.444527017031845,68.48612998264684,0.02702702702702703,ok
2025-09-04,84.23650914944314,71.99473664972436,60.03551580435319,58.920553111349435,69.56099179099856,0.03355704697986577,ok
2025-09-05,87.17296780418503,73.74208253665007,64.38478081037479,65.81097332912118,73.33741416077795,0.12666666666666668,ok
2025-09-08,85.14093579100734,70.29359482687039,63.685741608389414,70.91818859562187,72.93050044211165,0.12582781456953643,ok
2025-09-09,87.99449743562023,72.81902585393325,65.24423749509076,72.17872554328324,75.02036565598635,0.16447368421052633,ok
2025-09-10,87.38950918611161,72.7643637475032,65.12215242789598,70.51965011705283,74.40681208203002,0.1568627450980392,ok
2025-09-11,86.16294233357492,70.59953779481927,63.97145745112479,69.84403677970069,73.10759914421743,0.12987012987012986,ok
2025-09-12,83.1908395766847,69.57290761269233,63.97145745112479,67.93805227829533,71.5350116707675,0.08387096774193549,ok
2025-09-15,82.96334003325619,68.05508604683499,61.027000064251254,65.37116699038023,69.84284991472302,0.04487179487179487,ok
2025-09-16,82.42202056297951,67.6004515712106,60.3934468386484,64.2197706891607,69.16422105166956,0.03184713375796178,ok
2025-09-17,82.77127648240254,68.52122222156326,60.85288558655654,64.03880402578264,69.55264950116263,0.0379746835443038,ok
2025-09-18,85.60699676274626,71.7548457927188,64.7186624024162,68.9601715714067,73.1801310394247,0.15723270440251572,ok
2025-09-19,82.87136512628923,68.88800980386105,63.805378423683784,68.9601715714067,71.48400630836758,0.09375,ok
2025-09-22,75.91775328049367,61.13014589253091,59.94708192713774,68.61310293768089,66.71171285148466,0.018633540372670808,ok
2025-09-23,77.76888838089444,59.70876687811657,59.753176528643,69.40589994639048,67.08345156358763,0.024691358024691357,ok
2025-09-24,67.85991763222708,58.01315640257375,61.91165182402228,70.44908575851402,64.74299393106476,0.012269938650306749,ok
2025-09-25,72.08218993110002,56.677480908251994,62.2534716850564,70.16611867936157,65.58764726443695,0.024390243902439025,ok
2025-09-26,71.45384966241473,56.71841806122969,62.42367971750542,70.33132116519664,65.50924000716068,0.01818181818181818,ok
2025-09-29,70.5431558842194,57.14358646151127,64.61611335621454,70.70747745762806,65.98582383639997,0.03614457831325301,ok
2025-09-30,66.57737880407323,53.026309259500735,61.67555175440701,68.05508604683443,62.60931492828733,0.011976047904191617,ok
2025-10-01,66.57737880407323,54.37849807259831,59.7309758306711,64.51340130056983,61.48035629797785,0.005952380952380952,ok
2025-10-02,66.27788390358319,52.49842102888729,57.64619857827855,63.97145745112419,60.34126631959774,0.005917159763313609,ok
2025-10-03,60.34401378761616,50.00768362014615,53.095048832507175,58.78533651748215,55.71572583448184,0.0058823529411764705,ok
2025-10-06,59.9470819271377,49.641663316634606,52.08626447892406,52.086264478923404,53.58149228781765,0.005847953216374269,ok
2025-10-07,58.78533651748284,51.11596722417721,53.79610629619567,52.39093935324815,54.10034536323259,0.011627906976744186,ok
2025-10-08,58.85861739885912,50.27220640515101,51.62588090238628,51.31666396015961,53.127825002287416,0.005780346820809248,ok
2025-10-09,58.58758625475121,50.430254077446314,50.00768362014613,48.93529562488287,52.13239724111345,0.005747126436781609,ok
2025-10-10,64.03880402578307,59.597597973496676,57.921634899868664,58.01315640257319,59.944316266278086,0.03428571428571429,ok
2025-10-14,65.16796113041099,61.90629591313162,58.24702386795125,57.72092569560749,60.835174209108864,0.045454545454545456,ok
2025-10-15,64.83639328908464,62.35990614759492,58.604562423433386,58.15016857467485,61.0500872881827,0.05084745762711865,ok
2025-10-16,72.00855212367058,67.79636692641469,61.863431932978855,61.67555175440643,65.97828590169877,0.09550561797752809,ok
2025-10-17,72.00855212367057,66.83585548900662,59.94708192713741,57.6749512353495,64.36675343194192,0.07262569832402235,ok
2025-10-20,72.00855212367057,66.65701684546683,58.74583971831969,56.24878946065785,63.72477829244318,0.07222222222222222,ok
2025-10-21,69.97683827336625,65.5282181080873,58.559281703963784,55.685961568329034,62.69134918916549,0.0718232044198895,ok
2025-10-22,64.61611335621456,65.02533919051952,58.01315640257345,54.62185797298554,60.73016245309191,0.04395604395604396,ok
2025-10-23,63.80537842368371,67.44330952733567,58.0131564025734,55.685961568329155,61.41290366724318,0.060109289617486336,ok
2025-10-24,57.490685744461466,64.34872100311591,57.49068574446119,56.08940232014899,58.943059053007254,0.03260869565217391,ok
2025-10-27,57.554093548682786,64.09573431902272,56.531034792729656,55.23156991965222,58.45301757101921,0.032432432432432434,ok
2025-10-28,57.49068574446146,63.9351645274954,54.65220176621163,52.16895628628165,57.23055863876615,0.03225806451612903,ok
2025-10-29,72.55901409415499,74.38675603683915,64.61611335621421,56.74764080419622,67.44208041368758,0.15508021390374332,ok
2025-10-30,70.4490857585144,71.47704821166474,64.21977068916074,59.010525376945495,66.48019095545432,0.14361702127659576,ok
2025-10-31,70.59484102218347,71.47704821166474,63.805378423683365,58.70066797790809,66.35038571259787,0.14285714285714285,ok
2025-11-03,69.8440367797008,69.29114775997543,63.28881168271758,58.70066797790814,65.44213997273096,0.11578947368421053,ok
2025-11-04,69.8440367797008,69.11866226775679,61.24394706933531,55.82274578850814,64.27009208677154,0.10471204188481675,ok
2025-11-05,71.19816674162618,72.26595616922704,64.9998380564782,60.82563517742199,67.4838577189506,0.17708333333333334,ok
2025-11-06,74.54260526705505,76.61338346735378,68.50186320938913,63.34641600795281,70.9427307948571,0.24352331606217617,ok
2025-11-07,74.43577238483053,76.44006940424846,68.38074521229963,63.477140518623244,70.86790900200016,0.2422680412371134,ok
2025-11-10,69.31028631793168,71.41671630942615,60.151387961410975,54.11566559840029,64.13064379595917,0.10256410256410256,ok
2025-11-12,68.01609716592237,70.50554289520346,62.630495346663096,56.154392432593156,64.56220990152373,0.11734693877551021,ok
2025-11-13,68.01609716592237,70.50554289520346,63.09992076064732,56.677480908251894,64.79035015867872,0.12690355329949238,ok
2025-11-14,59.27962284133151,63.59716974834656,59.145227150944436,52.92616505442675,58.86002575244883,0.04040404040404041,ok
2025-11-17,58.292547144824326,63.346416007952946,58.83044324694108,53.095048832507146,58.50404844291136,0.04020100502512563,ok
2025-11-18,59.0386135909104,63.78978634628956,58.360765479630224,52.168956286282025,58.485625764392964,0.04,ok
2025-11-19,58.7853365174826,63.05260961250831,57.55409354868256,50.19960159204455,57.584331750554234,0.03482587064676617,ok
2025-11-20,60.17343355055576,64.41052545565584,58.785336517482534,50.84931299023564,58.759948765697224,0.054455445544554455,ok
2025-11-21,61.43314723296668,66.25286488343856,59.59203408439566,50.53534458803642,59.72542436675918,0.06896551724137931,ok
2025-11-24,64.10090729302874,66.35788137857206,60.041038596858535,52.13716726603318,60.90054446217596,0.09313725490196079,ok
2025-11-25,64.91816711100692,69.69195377554458,60.94000500924086,51.63230323007209,62.15085636874539,0.11219512195121951,ok
2025-11-26,65.33057638293349,69.78704449213606,60.60719081880759,52.390939353248825,62.362564681740025,0.12135922330097088,ok
2025-11-28,48.14976635457332,59.94708192713765,51.27141401148236,49.15839062073792,52.338699579605624,0.00966183574879227,ok
2025-12-01,54.57327281062732,66.73159119306165,56.39596850092997,53.14498540487349,57.95740268779985,0.04326923076923077,ok
2025-12-02,55.3455175763085,66.73159119306165,56.39596850092997,52.84465814760135,58.0717115660502,0.04784688995215311,ok
2025-12-03,55.58464384683008,67.84036990961718,56.7184180612296,52.67497158593398,58.48846040032171,0.06190476190476191,ok
2025-12-04,56.67748090825191,70.89480717380177,58.8304432469413,52.89483110753577,60.20235613504282,0.0947867298578199,ok
2025-12-05,55.53690096162237,67.66418628242837,54.085020788423506,48.00493395694364,56.77246830898526,0.0330188679245283,ok
2025-12-08,51.5037045167371,63.518915541584605,50.489394404849236,44.12518078090291,52.8760218266326,0.014084507042253521,ok
2025-12-09,52.80071769847151,63.59716974834659,50.53534458803639,44.45458948540391,53.297625107553,0.02336448598130841,ok
2025-12-10,57.720925695607896,65.35087483810192,53.52421980060202,45.27494950446185,55.93993489261021,0.04186046511627907,ok
2025-12-11,57.720925695607896,63.62323309510201,50.226015485791315,42.28325536439356,54.060492433062976,0.032407407407407406,ok
2025-12-12,57.14358646151117,63.62323309510201,52.118084546941226,45.74126318647879,55.04966657004999,0.041474654377880185,ok
2025-12-15,54.86413841673374,63.17869394361559,51.40059389376347,44.45458948540377,53.89771013591147,0.03211009174311927,ok
2025-12-16,55.327541442804545,64.38478081037472,52.4984210288874,45.039982238006935,54.75221697025509,0.045662100456621,ok
2025-12-17,55.34551757630843,64.12159501578559,52.4225744864699,45.039982238006935,54.66130161948979,0.045454545454545456,ok
2025-12-18,56.0420894460019,65.52821810808723,54.378498072598425,46.6030267822074,56.04356857791414,0.06787330316742081,ok
2025-12-19,56.01249860522196,66.33789105385914,55.01502187202107,46.202870724208054,56.34597076147175,0.07207207207207207,ok
2025-12-22,56.01249860522196,62.333314569844255,52.64348812631314,45.56695478546965,54.4759724919837,0.04484304932735426,ok
2025-12-23,55.20755097095433,62.12017216229913,51.78620015328215,43.967092957777794,53.66960327587181,0.03125,ok
2025-12-24,54.16466123143193,58.01315640257364,51.78620015328207,46.75220231232548,52.83681431888579,0.013333333333333334,ok
2025-12-26,53.888481339267926,58.813532277422055,51.7862001532821,44.981048640978585,52.60253145799608,0.01327433628318584,ok
2025-12-29,53.49943433050676,58.36076547963041,52.397267907883624,44.68521479250833,52.46525165839711,0.013215859030837005,ok
2025-12-30,46.48904794623532,51.109480014655006,46.88676168229823,37.943586934733155,45.85710069564491,0.0043859649122807015,ok
2025-12-31,46.23873973879019,53.839234373222034,48.71798543929291,39.05461762576491,47.2635945355518,0.008733624454148471,ok
2026-01-02,45.748511623761836,51.348960938598175,46.99977603530061,38.97813152066269,45.983463847000614,0.008695652173913044,ok
2026-01-05,44.33508768458679,48.66350626604356,44.929418331188515,38.36075296994355,44.22651026846125,0.004329004329004329,ok
2026-01-06,41.675058803987184,46.63858804398821,43.88405776948828,37.237926337199774,42.49835910144982,0.004310344827586207,ok
2026-01-07,41.36359955832004,45.741263186478974,43.97463383648146,39.71967562278084,42.76280971518166,0.008583690987124463,ok
2026-01-08,39.02064231039502,46.80890603518232,46.20287072420808,40.839222632943645,43.3481013971412,0.01282051282051282,ok
2026-01-09,36.052593161716,41.61135978501425,42.431988925933226,41.71482129638636,40.533611783438694,0.00425531914893617,ok
2026-01-12,35.27157794210965,42.11825457472163,42.43198892593325,41.71482129638636,40.49268939866599,0.00423728813559322,ok
2026-01-13,35.48713629056681,41.5236140806144,38.70495684289694,35.645624223960105,37.92173380446676,0.004219409282700422,ok
2026-01-14,36.052593161716,42.306774373553274,39.98591857404939,38.152740123710004,39.192339477048364,0.008403361344537815,ok
2026-01-15,38.33481309119489,43.21403280855597,39.19022434498826,37.59241244831456,39.64238162689808,0.012552301255230125,ok
2026-01-16,39.392759152973966,46.18133594292922,46.181335942929095,40.22567915098365,43.11416912045696,0.03333333333333333,ok
2026-01-20,37.1755437435901,44.30516187106256,47.175818962015136,47.61656058668295,44.265853538293804,0.04564315352697095,ok
2026-01-21,36.92495946617882,44.98104864097885,48.72479105299354,49.90148188918668,45.41753660843947,0.049586776859504134,ok
2026-01-22,32.68558349519026,45.2236547325448,48.717985439292775,50.72526620510665,44.8888099993516,0.04938271604938271,ok
2026-01-23,31.073427470056178,45.60332397857351,49.42745880793902,51.10948001465489,45.001315770237476,0.05327868852459016,ok
2026-01-26,34.731602475646255,45.60332397857351,48.66350626604349,49.527982521313824,45.019732515747684,0.05714285714285714,ok
2026-01-27,36.518632590991025,44.98104864097885,48.724791052993595,50.17317379258606,45.41023534055078,0.06097560975609756,ok
2026-01-28,37.30909300763872,44.78157515858738,48.06705842115939,50.430254077446214,45.41753660843952,0.06882591093117409,ok
2026-01-29,39.359075727273755,46.75220231232571,48.724791052993595,50.35787713430418,46.48904794623532,0.08064516129032258,ok
2026-01-30,39.18176267494606,44.03491437723627,47.316181720755615,49.74175414340703,45.2419809701704,0.060240963855421686,ok
2026-02-02,42.62690032806692,45.91490985909069,48.17730411281786,50.35787713430418,46.856696426444714,0.088,ok
2026-02-03,42.30677437355323,44.12518078090297,47.61656058668295,50.16656466737886,46.15440333671768,0.08366533864541832,ok
2026-02-04,42.31461113834649,44.14771854390189,47.61656058668295,50.16656466737884,46.161586901482835,0.0873015873015873,ok
2026-02-05,56.41948151779521,55.13543134386164,55.25557842759782,52.84465814760123,54.92906909441432,0.16666666666666666,ok
2026-02-06,56.99833792590606,53.746774689032996,53.59232073819209,51.76058244201703,54.05742560608939,0.14682539682539683,ok
2026-02-09,54.286956851628005,53.77144614990958,53.42500892791088,50.535344588036445,53.02474596082966,0.12698412698412698,ok
2026-02-10,55.10535364191027,56.01249860522196,57.646198578278316,56.39008871480123,56.29592861786151,0.19444444444444445,ok
2026-02-11,61.0432978346215,58.72325819155105,58.0417272767027,58.37780760745154,59.05826739219843,0.25,ok
2026-02-12,63.20492985436123,64.50826140482842,65.57374314063262,67.009268801138,65.08904831479953,0.3412698412698413,ok
2026-02-13,64.45169549850156,64.4516954985016,67.00926880113778,67.6445819980005,65.90537475087007,0.3611111111111111,ok
2026-02-17,64.4516954985016,61.69167818996931,61.04329783462135,65.52821810808727,63.20624136403313,0.3134920634920635,ok
2026-02-18,66.41282374583038,60.7219720919606,58.3778076074514,58.72325819155119,61.14370475837183,0.2857142857142857,ok
2026-02-19,66.41282374583038,60.2615352574007,57.32896760204014,57.646198578278515,60.52233167665421,0.2698412698412698,ok
2026-02-20,66.41282374583038,59.396969619669996,57.32896760204014,57.90445851391301,60.370108497500595,0.2698412698412698,ok
2026-02-23,68.18650892955286,61.99193495931548,59.05546010675922,57.90445851391301,61.91299072935036,0.3055555555555556,ok
2026-02-24,67.20690753972112,62.96841313413877,59.37463573295442,57.69794304460901,61.91968482171921,0.30952380952380953,ok
2026-02-25,67.23157153098762,63.078897964541625,58.83044324694103,56.24878946065835,61.48979376158368,0.3055555555555556,ok
2026-02-26,66.57737880407309,62.889376560835196,58.17867216374758,55.92363213864912,61.03243313793768,0.2896825396825397,ok
2026-02-27,67.1279218711322,64.83639328908451,59.680994065376865,56.29592861786163,62.130846648529975,0.32142857142857145,ok
2026-03-02,75.497298662026,78.49458580055067,67.44330952733536,60.78200911107624,70.89480717380167,0.48412698412698413,ok
2026-03-03,74.6537269489502,76.73879139824373,66.21281478766193,59.17325142503606,69.54788202912316,0.4444444444444444,ok
2026-03-04,75.56753688971834,78.7181514545474,67.83548209881691,60.0410385968587,70.9111749785751,0.49206349206349204,ok
2026-03-05,76.39233910336954,81.3489559341665,69.78704449213573,60.56340739910099,72.44239090477339,0.5277777777777778,ok
2026-03-06,66.85073711359942,74.97283718647368,64.96411965158327,58.81353227742203,66.65079855011804,0.4166666666666667,ok
2026-03-09,66.17775107120298,74.61374220822735,65.45227268781404,60.99982743720193,66.99194767008625,0.4246031746031746,ok
2026-03-10,65.649548040293,74.9728371864737,66.61223216260044,65.40666310818317,68.2751977776626,0.44047619047619047,ok
2026-03-11,68.22540042504626,75.60263153314749,66.73159119306136,66.83585548900666,69.44530221692469,0.45634920634920634,ok
2026-03-12,75.97451096117352,80.00085525858637,69.572907612692,65.77569539931271,73.0395350766318,0.5595238095238095,ok
2026-03-13,74.11882352007487,73.5620039222196,59.947081927137354,53.49943433050678,65.88021426482268,0.3968253968253968,ok
2026-03-16,71.439926916919,74.89761432501687,59.947081927137354,54.57327281062738,65.73661560788588,0.3968253968253968,ok
2026-03-17,71.34239162030704,75.09656940794386,61.56254842370502,54.57327281062738,66.1389088446271,0.4166666666666667,ok
2026-03-18,74.72032063494817,79.03343729413734,63.34641600795265,54.57327281062738,68.5937698567289,0.4642857142857143,ok
2026-03-19,74.7070066466677,78.66337340712955,63.34641600795265,58.1045337482822,69.20615655606915,0.4722222222222222,ok
2026-03-20,79.12149218964322,88.99863984767892,78.52837234501841,72.76436374750313,80.06610755461612,0.6190476190476191,ok
2026-03-23,79.12149218964322,88.99863984767887,78.52837234501841,75.25094858643241,80.63866775215284,0.623015873015873,ok
2026-03-24,80.661280086936,91.68527402851683,79.43517714728789,75.44897195072345,82.02884601740631,0.6349206349206349,ok
2026-03-25,85.94716859486219,97.02332871938323,84.06313416900262,78.52837234501877,86.65125200298147,0.7222222222222222,ok
2026-03-26,90.84237360453129,100.98863927768272,86.48942740376721,77.78594109206985,89.41772166281363,0.7738095238095238,ok
2026-03-27,95.7331818402749,97.43256777463029,82.45017634273027,77.10089084064506,88.60096827319305,0.7658730158730159,ok
2026-03-30,97.02332871938302,100.77828713515,88.83455942012884,81.18575192599678,92.26659029253504,0.8253968253968254,ok
2026-03-31,98.04660545936939,103.58200412691085,91.78647991254931,82.38983074704265,94.28044670863065,0.8650793650793651,ok
2026-04-01,97.89430390396615,103.96861874724765,91.78647991254931,82.64298613853906,94.40258136524153,0.8690476190476191,ok
2026-04-02,98.38420925930608,104.2743345320663,91.82981971818121,83.69946236386481,94.85634568013609,0.873015873015873,ok
2026-04-03,98.98899460360005,105.08207318692932,92.42009350899028,83.69946236386485,95.37837391424911,0.8809523809523809,ok
2026-04-06,98.98899460360005,105.08207318692932,91.54050009637655,81.64190100677492,94.71816921239224,0.8650793650793651,ok
2026-04-07,100.21408662406056,106.1651146985081,91.54050009637653,79.35582756433885,94.85634568013609,0.8670634920634921,ok
2026-04-08,98.3808389559887,105.46004481618428,91.03197818696219,74.50701132673444,93.05741012379062,0.8333333333333334,ok
2026-04-09,89.04333658097988,100.8309163114694,88.595354517634,74.26184116106744,88.6841972512875,0.7420634920634921,ok
2026-04-10,88.81962798722735,101.22476293663999,88.80096016550594,74.00689868270123,88.7383943486637,0.746031746031746,ok
2026-04-13,87.48052414831058,97.91123799807558,86.83759796915514,72.5818594125936,86.67229570113663,0.6984126984126984,ok
2026-04-14,87.9191015710046,99.78967355076591,87.41985803550216,73.36340691164934,87.62443783136735,0.7222222222222222,ok
2026-04-15,83.20678110017614,96.25476064781641,85.45192554265444,72.92368036443827,84.86495464157035,0.6706349206349206,ok
2026-04-16,82.80331801132252,96.25476064781641,85.91629953807241,71.64385601894405,84.61060963707743,0.6666666666666666,ok
2026-04-17,78.99986675538396,86.5315883910246,71.97170496653172,56.98088322088037,74.42352132434883,0.6111111111111112,ok
2026-04-20,77.67930022992309,84.86007058061755,70.12830346848864,54.32969528235653,72.63780007681963,0.5674603174603174,ok
2026-04-21,76.46175514595515,81.49962867206351,69.19058347857228,53.2447180478968,70.90649884846512,0.5277777777777778,ok
2026-04-22,73.89929135761652,77.91797306344543,66.01219982939375,50.324944113232945,67.86480368311238,0.4523809523809524,ok
2026-04-23,60.563407399100896,66.43778252898296,58.813532277422304,48.7179854392931,58.97961289159262,0.25,ok
2026-04-24,56.53689992059678,67.36952301730331,58.78533651748291,44.98104864097892,57.47626512423706,0.21031746031746032,ok
2026-04-27,52.67497158593391,60.34401378761629,52.01619181107287,38.97813152066308,51.57768795454921,0.10317460317460317,ok
2026-04-28,55.917702686038616,58.4686150628561,48.61578690962554,37.17554374359008,50.72199771924986,0.10317460317460317,ok
2026-04-29,62.12017216229914,62.529824462958736,51.88215391381556,38.29154091001245,54.60516169933508,0.1746031746031746,ok
2026-04-30,63.597169748346516,62.529824462958736,51.8821539138155,36.2360681031889,54.67949678280749,0.18253968253968253,ok
2026-05-01,61.28724431551379,60.12381960762751,50.357877134304275,35.34670385883538,52.811706238195676,0.12698412698412698,ok
2026-05-04,65.85126782138836,63.393507886102014,54.13404415746263,37.943586934733474,56.40331737164333,0.2222222222222222,ok
2026-05-05,65.22898935773564,62.077455862138926,54.62792808001968,41.331522314597684,56.570612605188586,0.2261904761904762,ok
2026-05-06,68.79167636307548,69.91521180762649,58.7853365174827,43.96709295777781,61.256127513047524,0.3373015873015873,ok
2026-05-07,70.44908575851453,71.60219049868891,61.0270000642511,44.981048640978564,62.923637931434904,0.38492063492063494,ok
2026-05-08,70.51965011705309,71.62534100221949,62.07745586213882,45.66145443426658,63.32809304266987,0.39285714285714285,ok
2026-05-11,71.04431530278909,72.81447224570866,63.16294716633199,46.46764578998093,64.22235223281525,0.40476190476190477,ok
2026-05-12,71.66236625204411,70.96960060847418,61.804445420084576,47.37221037474865,63.710467618834244,0.3968253968253968,ok
2026-05-13,72.45383285055972,70.78715316094866,61.43314723296675,47.232014120665106,63.767691043761594,0.40476190476190477,ok
2026-05-14,72.45383285055972,70.78715316094866,60.91279357452449,45.91490985909038,63.401353131832835,0.3968253968253968,ok
2026-05-15,70.97427258113363,75.85221087573424,67.60045157121047,52.67497158593383,67.3338305522722,0.5079365079365079,ok
2026-05-18,72.26595616922697,75.95268610336178,67.32521229469914,52.548924572099466,67.6114868783015,0.5198412698412699,ok
2026-05-19,72.26595616922697,75.9526861033618,68.57443132523183,53.393967725518145,68.08918300365531,0.5277777777777778,ok
2026-05-20,81.73931605704615,87.02068719563204,80.33174636271883,61.26018712276159,78.19833084771324,0.7103174603174603,ok
2026-05-21,81.73931605704615,86.25525155637,79.8348954174537,61.56793423784633,77.91903692801569,0.7103174603174603,ok
2026-05-22,79.26803298071404,83.8221802074897,78.76447235437521,62.78383969076568,76.57550453465414,0.7103174603174603,ok
2026-05-26,93.03157358773699,90.66334488238991,82.06319772621954,64.42596730478999,83.3063465074603,0.7619047619047619,ok
2026-05-27,91.49702324752369,91.11935492586238,82.63094870694935,64.99983805647824,83.25757433537514,0.7619047619047619,ok
2026-05-28,87.59794518137963,87.78322582841287,80.98947300015035,64.53395678979663,80.7824564070559,0.7380952380952381,ok
2026-05-29,86.25909563024273,87.32498286045622,80.59548113230262,64.63150608602075,80.21712312284238,0.7261904761904762,ok
2026-06-01,89.24791019225155,88.7000860380525,80.68183125547424,64.51340130057001,81.40090843926025,0.746031746031746,ok
2026-06-02,86.25909563024268,86.71532372320976,78.02003791199697,62.205516763302,78.92533113479364,0.7222222222222222,ok
2026-06-03,86.16294233357478,87.59794518137977,78.29579541040079,61.04329783462145,78.98412565359666,0.7261904761904762,ok
2026-06-04,83.66776402439648,81.18575192599681,74.00689868270092,59.680994065377,75.21679193819475,0.7103174603174603,ok
2026-06-05,91.53687781435411,87.68874380143507,77.10089084064488,60.415404100540215,80.09819631322281,0.7380952380952381,ok
2026-06-08,91.53687781435409,86.99019908496666,75.85221087573403,60.151387961411224,79.5582209851112,0.7341269841269841,ok
2026-06-09,91.1047979555759,87.17296780418513,76.12710977112712,59.90281603080985,79.50297909016066,0.7341269841269841,ok
2026-06-10,89.84038477679235,85.85452812752526,75.25094858643224,57.582892196243606,78.13576241658522,0.7222222222222222,ok
2026-06-11,94.58680223950239,92.57781932827629,83.91706432073568,64.20427924744746,84.67818335818323,0.8214285714285714,ok
2026-06-12,95.31316803044581,93.04939265618144,84.5469038307636,64.71353880961199,85.26255116743191,0.8452380952380952,ok
2026-06-15,90.07996447601428,80.84605253521252,71.81027635007158,52.238824037702926,75.06013378758739,0.7103174603174603,ok
2026-06-16,90.0799644760143,80.85835568579512,72.086789796452,52.39093935324865,75.15615323059747,0.7142857142857143,ok
2026-06-17,102.91401623123124,88.74119674649425,72.08678979645212,49.09764706550008,80.73626655253575,0.7777777777777778,ok
2026-06-18,97.02332871938324,82.32138559521316,64.2197706891609,44.7445380377373,74.69369028519779,0.7063492063492064,ok
2026-06-22,97.53120957983288,84.40952802292287,67.17236273788097,49.63498341842535,76.83271301648585,0.7301587301587301,ok
2026-06-23,100.96236922735137,84.47235611351442,67.17236273788096,48.93529562488338,77.83920673582917,0.7341269841269841,ok
2026-06-24,92.49182040648395,87.23760656964394,71.26798941873876,54.32969528235622,77.77528358573886,0.7341269841269841,ok
2026-06-25,92.77459951834605,87.23760656964392,71.06764753610308,54.23195795062067,77.79659713840822,0.7380952380952381,ok
2026-06-26,93.04939265618142,87.59794518137959,70.66995192628296,53.88848133926793,77.82962161028406,0.7420634920634921,ok
2026-06-29,93.33403508508121,87.62822184181232,70.66995192628296,53.59232073819215,77.87221313759719,0.75,ok
2026-06-30,91.1884688000916,87.62822184181239,73.79152711310566,57.21317478012426,78.60117516196628,0.7658730158730159,ok
2026-07-01,91.61291566034504,89.24791019225155,75.14953513880805,61.15726061814554,80.22745625309395,0.7976190476190477,ok
2026-07-02,92.00297478028128,88.29543708780372,74.45804187594513,60.82563517742193,79.85046880526782,0.7857142857142857,ok
2026-07-06,91.32290886853387,87.90024250011452,74.18589736884664,60.48122805770732,79.41639099011446,0.7777777777777778,ok
2026-07-07,83.35011760797448,81.2551536827048,72.83723744002596,62.5722319445798,75.44897195072338,0.7261904761904762,ok
2026-07-08,83.22271957002846,82.55065430580042,72.83723744002596,62.29074443370569,75.70672291637533,0.7301587301587301,ok
2026-07-09,84.98501415884428,83.12305399384176,72.37599194847903,61.93307083584556,76.16738838001186,0.7341269841269841,ok
2026-07-10,86.7038516718655,83.72718856657696,72.37599194847903,61.64866498746594,76.75715293258196,0.7380952380952381,ok
2026-07-13,82.1601132577501,79.70187873371741,64.79546767775466,54.96075154622872,71.27729394119096,0.6150793650793651,ok
2026-07-14,87.32498286045613,82.9673366293532,66.45774280659379,55.58464384682979,74.1881321194193,0.6825396825396826,ok
2026-07-15,89.07312194277009,84.37809643441078,67.4285586848465,55.58464384682979,75.31591360466427,0.7182539682539683,ok
2026-07-16,89.12894266764663,84.06313416900288,65.57374314063279,52.9261650544264,74.34997256927956,0.6825396825396826,ok
2026-07-17,71.34703918173474,74.54260526705521,63.09992076064751,54.57327281062705,66.34538813147286,0.48412698412698413,ok
2026-07-20,72.08678979645224,74.90204129043279,63.93516452749523,54.864138416733645,66.90403575271073,0.503968253968254,ok
2026-07-21,72.08678979645224,73.2729576023071,62.529824462958594,53.00129094753491,65.73535458263888,0.4603174603174603,ok
2026-07-22,67.32521229469913,73.76006621757514,63.34641600795287,52.64348812631291,64.72506632307388,0.43253968253968256,ok
2026-07-23,66.17775107120298,63.38827718285577,52.39726790788357,40.38199181761441,56.51050205143523,0.2261904761904762,ok
2026-07-24,67.85991763222697,64.2042792474477,53.1449854048734,41.0416989491366,57.523839451684374,0.24603174603174602,ok
2026-07-27,67.85991763222702,64.20427924744762,55.29756823434076,45.45037779936758,58.844532009086635,0.28174603174603174,ok
2026-07-28,70.91818859562204,68.0307206147962,58.33235086891948,47.28113009603176,61.83796738676264,0.36507936507936506,ok
2026-07-29,71.81027635007186,66.53752403917045,58.33235086891938,57.46184088501458,63.81317303372073,0.42857142857142855,ok
2026-07-30,71.19816674162634,64.75963655175823,57.35209811240316,54.89434828544931,62.3811712483486,0.39285714285714285,ok
2026-07-31,71.93944822228147,68.11352752265137,61.17894374615112,57.46184088501459,64.921997731691,0.46825396825396826,ok
2026-08-03,72.91003829522057,70.7074774576288,64.71866240241587,60.634539401409135,67.4174934349582,0.5555555555555556,ok
2026-08-04,72.55901409415499,73.39955542673367,66.83585548900656,61.64866498746622,68.7748041379293,0.5912698412698413,ok
2026-08-05,72.5224466159126,72.08678979645258,66.81104541521323,61.90629591313157,68.46918246458353,0.5833333333333334,ok
2026-08-06,74.36446519817467,74.32878595169356,69.07547359686787,63.55544616193095,70.47261506205248,0.626984126984127,ok
2026-08-07,75.67715361287956,76.37063365070753,70.89480717380181,64.99983805647837,72.129324644587,0.6626984126984127,ok
2026-08-10,76.64799925290733,75.2729769082613,72.01315669266346,66.73159119306148,72.7666421550859,0.6746031746031746,ok
2026-08-11,71.66236625204407,72.17872554328376,70.69340771767078,66.27788390358303,70.24168802671326,0.626984126984127,ok
2026-08-12,69.53476979559444,69.55860838170972,70.10465860336765,66.27788390358303,68.88560310971722,0.5992063492063492,ok
2026-08-13,71.26798941873881,73.1280060110895,72.67316887052745,67.62497203034731,71.20631624851981,0.6587301587301587,ok
2026-08-14,71.26798941873881,74.35108748718046,73.97104696753769,67.24636558365452,71.76524228343413,0.6746031746031746,ok
2026-08-17,70.78715316094845,72.6320938196857,73.27295760230687,68.1329968749201,71.23425033684732,0.6626984126984127,ok
2026-08-18,68.1865089295529,71.36562640080304,72.91003829522045,69.45843133997843,70.50319141712664,0.6388888888888888,ok
2026-08-19,65.22898935773557,70.07154238798822,74.97283718647341,77.35849560394274,72.05918619988344,0.6865079365079365,ok
2026-08-20,60.481228057707405,69.1522348080481,74.97283718647341,78.2957954104008,71.04781562626086,0.6626984126984127,ok
2026-08-21,62.75742774239631,70.05261180750281,76.7171839667584,79.20107654770703,72.46412905707206,0.7023809523809523,ok
2026-08-24,62.5033051757643,69.57290761269263,76.7171839667584,79.20107654770698,72.29348081549985,0.6984126984126984,ok
2026-08-25,64.83639328908446,70.61832176157336,78.49458580055051,81.66220539192926,74.19707044862278,0.7420634920634921,ok
2026-08-26,63.97145745112463,70.61832176157336,75.77786095243326,71.53269403419264,70.60188606396765,0.6428571428571429,ok
2026-08-27,63.971457451124614,70.61832176157336,75.77786095243326,71.53269403419267,70.60188606396765,0.6448412698412699,ok
2026-08-28,79.6394506840871,75.21568985258368,74.61818601527729,68.88319633148608,74.68703121412007,0.7658730158730159,ok
2026-08-31,78.69708748706874,72.74157574664798,72.63209381968535,68.30797133108538,73.18805985448145,0.7420634920634921,ok
2026-09-01,77.50836966690137,69.65388114021205,68.44375331921127,65.85126782138792,70.4984882256723,0.6388888888888888,ok
2026-09-02,76.8208442108204,69.95314221150618,68.44375331921127,65.6545985882895,70.33839260094165,0.6309523809523809,ok
2026-09-03,76.30113470909006,67.03400551016544,66.23784893532499,63.97145745112427,68.54783193623183,0.5833333333333334,ok
