market,code,ticker,name,event_date,event_type,title,summary,source,source_url,source_tier,data_status,priority,fetched_at,event_id,raw_excerpt
US,CARE,CARE,"Carter Bankshares, Inc. - Common Stock",2026-08-17,filing,SEC 8-K filing,,SEC EDGAR,https://www.sec.gov/Archives/edgar/data/1829576/000182957626000083/care-20260817.htm,primary,ok,high,2026-09-28T00:49:38+00:00,42b11ef21422035924d2f48a,
US,STNG,STNG,Scorpio Tankers Inc. Common Shares,2026-08-17,filing,SEC 6-K filing,,SEC EDGAR,https://www.sec.gov/Archives/edgar/data/1483934/000162828026057375/stng6k-08172026.htm,primary,ok,high,2026-09-28T00:49:38+00:00,f0d57d6055bc0f604c63073f,
US,TRMD,TRMD,TORM plc - Class A Common Stock,2026-08-24,filing,SEC 6-K filing,,SEC EDGAR,https://www.sec.gov/Archives/edgar/data/1655891/000091957426005684/p15057626_6-k.htm,primary,ok,high,2026-09-28T00:49:38+00:00,8fa43f3254c366a7f75bc11d,
US,TRMD,TRMD,TORM plc - Class A Common Stock,2026-08-26,filing,SEC 6-K filing,,SEC EDGAR,https://www.sec.gov/Archives/edgar/data/1655891/000162828026058979/trmd-20260630.htm,primary,ok,high,2026-09-28T00:49:38+00:00,e1b30c0ca118c2f263bbeba1,
US,TRMD,TRMD,TORM plc - Class A Common Stock,2026-08-26,filing,SEC 6-K filing,,SEC EDGAR,https://www.sec.gov/Archives/edgar/data/1655891/000162828026058978/tormplc6-kaugust262026pres.htm,primary,ok,high,2026-09-28T00:49:38+00:00,9057ca905e210933ecd6937f,
US,WSBC,WSBC,"WesBanco, Inc. - Common Stock",2026-08-27,filing,SEC 8-K filing,,SEC EDGAR,https://www.sec.gov/Archives/edgar/data/203596/000119312526371610/wsbc-20260827.htm,primary,ok,high,2026-09-28T00:49:38+00:00,40cc0c79b09dbdc0279a751d,
US,NWFL,NWFL,Norwood Financial Corp. - Common Stock,2026-08-28,filing,SEC 8-K filing,,SEC EDGAR,https://www.sec.gov/Archives/edgar/data/1013272/000101327226000018/nwfl-20260828x8k.htm,primary,ok,high,2026-09-28T00:49:38+00:00,1646199e13fb3fa238295d5f,
US,FRO,FRO,Frontline Plc Ordinary Shares,2026-08-28,filing,SEC 6-K filing,,SEC EDGAR,https://www.sec.gov/Archives/edgar/data/913290/000091957426005942/p15060813_6k.htm,primary,ok,high,2026-09-28T00:49:38+00:00,88a3917cd58d8540e8876479,
US,CMBT,CMBT,CMB.TECH NV Ordinary Shares,2026-08-28,filing,SEC 6-K filing,,SEC EDGAR,https://www.sec.gov/Archives/edgar/data/1604481/000091957426005821/p15059931_6-k.htm,primary,ok,high,2026-09-28T00:49:38+00:00,d02bdc3baa4c8953f7d469e4,
US,MRP,MRP,"Millrose Properties, Inc. Class A Common Stock",2026-09-01,filing,SEC 8-K filing,,SEC EDGAR,https://www.sec.gov/Archives/edgar/data/2017206/000119312526378466/d83131d8k.htm,primary,ok,high,2026-09-28T00:49:38+00:00,d153ac2c15d7f78722a5d6e0,
US,TRMD,TRMD,TORM plc - Class A Common Stock,2026-09-02,filing,SEC 6-K filing,,SEC EDGAR,https://www.sec.gov/Archives/edgar/data/1655891/000091957426006143/p15072501_6k.htm,primary,ok,high,2026-09-28T00:49:38+00:00,0fee6ff3ba4dccf6db0c9214,
US,STNG,STNG,Scorpio Tankers Inc. Common Shares,2026-09-03,filing,SEC 6-K filing,,SEC EDGAR,https://www.sec.gov/Archives/edgar/data/1483934/000162828026060459/stng6k-09032026.htm,primary,ok,high,2026-09-28T00:49:38+00:00,e69dcfc48b67c26958c4c4c1,
US,CMBT,CMBT,CMB.TECH NV Ordinary Shares,2026-09-04,filing,SEC 6-K filing,,SEC EDGAR,https://www.sec.gov/Archives/edgar/data/1604481/000091957426006193/p15074444_6-k.htm,primary,ok,high,2026-09-28T00:49:38+00:00,506caa2d2e0eab624d93b6b1,
US,LPG,LPG,Dorian LPG Ltd. Common Stock,2026-09-04,filing,SEC 8-K filing,,SEC EDGAR,https://www.sec.gov/Archives/edgar/data/1596993/000159699326000041/lpg-20260902x8k.htm,primary,ok,high,2026-09-28T00:49:38+00:00,c431645ddbeb1f06e99c7cde,
US,CMBT,CMBT,CMB.TECH NV Ordinary Shares,2026-09-08,filing,SEC 6-K filing,,SEC EDGAR,https://www.sec.gov/Archives/edgar/data/1604481/000091957426006196/p15076578_6-k.htm,primary,ok,high,2026-09-28T00:49:38+00:00,2db1c28276f03940684922fe,
US,TRMD,TRMD,TORM plc - Class A Common Stock,2026-09-11,filing,SEC 6-K filing,,SEC EDGAR,https://www.sec.gov/Archives/edgar/data/1655891/000091957426006252/p15079219_6-k.htm,primary,ok,high,2026-09-28T00:49:38+00:00,e71d123796ba4807789d0850,
US,LPG,LPG,Dorian LPG Ltd. Common Stock,2026-09-14,filing,SEC 8-K filing,,SEC EDGAR,https://www.sec.gov/Archives/edgar/data/1596993/000159699326000046/lpg-20260910x8k.htm,primary,ok,high,2026-09-28T00:49:38+00:00,9cff4f5854f8f1b97b3a0dab,
US,TRMD,TRMD,TORM plc - Class A Common Stock,2026-09-15,filing,SEC 6-K filing,,SEC EDGAR,https://www.sec.gov/Archives/edgar/data/1655891/000091957426006318/p15075054_6-k.htm,primary,ok,high,2026-09-28T00:49:38+00:00,4f2de058b3c176f4ac99ce83,
US,NWFL,NWFL,Norwood Financial Corp. - Common Stock,2026-09-16,filing,SEC 8-K filing,,SEC EDGAR,https://www.sec.gov/Archives/edgar/data/1013272/000101327226000020/nwfl-20260916x8k.htm,primary,ok,high,2026-09-28T00:49:38+00:00,f5c67fe94ddb7e08ae6a2fe9,
US,FRO,FRO,Frontline Plc Ordinary Shares,2026-09-16,filing,SEC 6-K filing,,SEC EDGAR,https://www.sec.gov/Archives/edgar/data/913290/000162828026062234/fro-20260630.htm,primary,ok,high,2026-09-28T00:49:38+00:00,2477a7f913e68a998b852023,
US,TRMD,TRMD,TORM plc - Class A Common Stock,2026-09-16,filing,SEC 6-K filing,,SEC EDGAR,https://www.sec.gov/Archives/edgar/data/1655891/000091957426006339/p15081246_6-k.htm,primary,ok,high,2026-09-28T00:49:38+00:00,1f21ce51a019dc8235b2112f,
US,TEN,TEN,Tsakos Energy Navigation Ltd Common Shares,2026-09-17,filing,SEC 6-K filing,,SEC EDGAR,https://www.sec.gov/Archives/edgar/data/1166663/000119312526394366/d67788d6k.htm,primary,ok,high,2026-09-28T00:49:38+00:00,1357d9806c5004e769a0d23f,
US,HTGC,HTGC,"Hercules Capital, Inc. Common Stock",2026-09-17,filing,SEC 8-K filing,,SEC EDGAR,https://www.sec.gov/Archives/edgar/data/1280784/000128078426000046/htgc-20260917.htm,primary,ok,high,2026-09-28T00:49:38+00:00,295e1cdb5f42fbd25840a09e,
US,TRMD,TRMD,TORM plc - Class A Common Stock,2026-09-18,filing,SEC 6-K filing,,SEC EDGAR,https://www.sec.gov/Archives/edgar/data/1655891/000091957426006391/p15095918_6-k.htm,primary,ok,high,2026-09-28T00:49:38+00:00,10c4cfbbf3462b0654fa29ec,
US,MRP,MRP,"Millrose Properties, Inc. Class A Common Stock",2026-09-21,filing,SEC 8-K filing,,SEC EDGAR,https://www.sec.gov/Archives/edgar/data/2017206/000119312526396754/d73132d8k.htm,primary,ok,high,2026-09-28T00:49:38+00:00,27409884c8b08f5bcda585e0,
US,MRP,MRP,"Millrose Properties, Inc. Class A Common Stock",2026-09-22,filing,SEC 8-K filing,,SEC EDGAR,https://www.sec.gov/Archives/edgar/data/2017206/000119312526397284/d244618d8k.htm,primary,ok,high,2026-09-28T00:49:38+00:00,dbff4c6eb4aed4151c2a058d,
US,MRP,MRP,"Millrose Properties, Inc. Class A Common Stock",2026-09-23,filing,SEC 8-K filing,,SEC EDGAR,https://www.sec.gov/Archives/edgar/data/2017206/000119312526399549/ck0002017206-20260923.htm,primary,ok,high,2026-09-28T00:49:38+00:00,65a81594f0cc545cdb9cdbf9,
US,MRP,MRP,"Millrose Properties, Inc. Class A Common Stock",2026-09-23,filing,SEC 8-K filing,,SEC EDGAR,https://www.sec.gov/Archives/edgar/data/2017206/000119312526398224/d126321d8k.htm,primary,ok,high,2026-09-28T00:49:38+00:00,91b40e7af3ca60ff33cae506,
US,CMBT,CMBT,CMB.TECH NV Ordinary Shares,2026-09-23,filing,SEC 6-K filing,,SEC EDGAR,https://www.sec.gov/Archives/edgar/data/1604481/000160448126000010/eurn-20260630.htm,primary,ok,high,2026-09-28T00:49:38+00:00,4c3cf500c9b83fb6b0965a2d,
US,TRMD,TRMD,TORM plc - Class A Common Stock,2026-09-24,filing,SEC 6-K filing,,SEC EDGAR,https://www.sec.gov/Archives/edgar/data/1655891/000091957426006471/p15100061_6-k.htm,primary,ok,high,2026-09-28T00:49:38+00:00,30c4af9554e9a4a09e79fca3,
US,LTC,LTC,"LTC Properties, Inc. Common Stock",2026-09-25,filing,SEC 8-K filing,,SEC EDGAR,https://www.sec.gov/Archives/edgar/data/887905/000110465926110666/tm2626112d1_8k.htm,primary,ok,high,2026-09-28T00:49:38+00:00,7fe7f057556976d83f1616ef,
JP,4063,4063.T,信越化学工業,"Tue, 15 Sep 2026",dividend,信越化学工業[4063]：創立100周年記念配当の実施 及び 配当予想の修正に関するお知らせ 2026年9月15日(適時開示) ：日経会社情報DIGITAL - 日本経済新聞,Secondary news detection only; verify with primary source before acting.,Google News RSS,https://news.google.com/rss/articles/CBMiakFVX3lxTE1UaXotSERuMUFFNlctcE9TT0NPRVhhVVNDbHRCTWFJb0VVVFFxNzd4WUY5cjZ1RWtHemd0WnFraXgySFNUZm14bzhUWm9BV0J2ZVpNSzFrMEt5UldCLVZWeFM0YVNMcmNvdHc?oc=5,secondary,unverified,high,2026-09-28T00:49:41+00:00,44ec5a2f5cc9172c246209e8,
JP,4063,4063.T,信越化学工業,"Fri, 18 Sep 2026",disclosure,手元資金1.6兆円超なのに「借入金」が急増…それでも信越化学工業の財務は盤石といえるワケ - ダイヤモンド・オンライン,Secondary news detection only; verify with primary source before acting.,Google News RSS,https://news.google.com/rss/articles/CBMiTEFVX3lxTFA1WVNyWGFzRTVLZXAxWkFoeV9YblpnQVYydjJHTGdZNm5BV3BULXdiOTJhMUtYT1NWWDYwUldLeWc5RmRScjRZVnMwUWzSAU9BVV95cUxNaHM1bDUxaVBSbFNNeDlWMmJWLXljWlFnYkFWdi04YnZoUzBpd2RIUHRVbktfUVFfcklzUmZ2OGtSTXlhcldmdkxwejVuWUtj?oc=5,secondary,unverified,normal,2026-09-28T00:49:41+00:00,918c90b17d2c225386b75861,
JP,9433,9433.T,KDDI,"Fri, 25 Sep 2026",disclosure,KDDIが「SMS共通番号」の利用を開始、10月6日から - ケータイ Watch,Secondary news detection only; verify with primary source before acting.,Google News RSS,https://news.google.com/rss/articles/CBMiZ0FVX3lxTFBTd3d2Sm8xWlNzOU1CeXcxUGtpTFpwWXotZHlfTmsyZ181WlFEZUxROGFXdFpJRkwydVZQMUNacmFta3BfWTJTODJWSk9JTVBwWEZtOG1feXZkUm5MaTdiS3NZNGpZY1E?oc=5,secondary,unverified,normal,2026-09-28T00:49:41+00:00,d128313bd09334be26be77e6,
JP,9433,9433.T,KDDI,"Fri, 25 Sep 2026",disclosure,KDDI、豪州でも衛星通信利用可能に 日本人旅行者向け - 日本経済新聞,Secondary news detection only; verify with primary source before acting.,Google News RSS,https://news.google.com/rss/articles/CBMibEFVX3lxTE9wQzV5TXhMWGRIckpOeGgwaU53STlUbnF1Qk40bDZkcFk2RVg0cHRldGtpT0NFV05sQ2VZUjlvS3VZamc4ZVB6akxDcnJsRkFGUlBJT1lnRjlPNDJjamZzaGdubEkxSThCN0hSeg?oc=5,secondary,unverified,normal,2026-09-28T00:49:41+00:00,562f8c2761acab2c63f013fc,
JP,6965,6965.T,浜松ホトニクス,"Fri, 25 Sep 2026",management,浜松ホトニクス[6965]：取締役候補者の選任及び執行役員人事（予定）に関するお知らせ 2026年9月25日(適時開示) ：日経会社情報DIGITAL - 日本経済新聞,Secondary news detection only; verify with primary source before acting.,Google News RSS,https://news.google.com/rss/articles/CBMizAFBVV95cUxNNUN3TUJCY19xS0VqQzA1RmZmU1QtY2VOR1JlOUZyV1FpaGl2b0F0TVlhNTZUbUpoY2hnOHEwSTdZeTJMdWhfdnQtVjZ4VUNZNy1KYVhNcXN6WFNKS0JOaDg0WWtpVVZxZ3FPNUo3bVFhQUloZm9CMHVMN0VkbU9iV0o0bEwtckNZUUVmckZjeHdadFFxZTlPbjdMeklHa3dacFprVTBJVmNGUXQtaEdic0RudUtOLVBxSWNpUGJuX3NjaXdlX3V5TVpBU2o?oc=5,secondary,unverified,normal,2026-09-28T00:49:41+00:00,eb6661a5474cdf16e03e96d1,
JP,6965,6965.T,浜松ホトニクス,"Fri, 25 Sep 2026",management,＜人事＞浜松ホトニクス - 産経ニュース,Secondary news detection only; verify with primary source before acting.,Google News RSS,https://news.google.com/rss/articles/CBMidkFVX3lxTFBNbDhsTXFNX3dMS01TZjdzUHZ2cHdkNWNuUVRKMUpMeTd2ZDlCSGw1NWs0bW43N3c0T05sZ3hPdFR4Zmc0dS1wMFFVTU5ha2ZPR2VvRWF3T05id2JFeFdtRmoxNVQwSzZNNUZwelJoUjMwai1JVHc?oc=5,secondary,unverified,normal,2026-09-28T00:49:41+00:00,aa74fca847fbe7629b35ab59,
JP,6701,6701.T,NEC,"Sat, 26 Sep 2026",disclosure,NECよどこへ行く 森田改革の成否 - 日経クロステック,Secondary news detection only; verify with primary source before acting.,Google News RSS,https://news.google.com/rss/articles/CBMiX0FVX3lxTE95Z29jTm5WMVVhMzRDMkdlU2ZOOGNTQUdVYU5qR2laaHNNWlI3aHBxQVZNM2szTXVzaGlRQ2RMOW5UdjNPNVVrVURwalN3aXZoZHZxeW85SllWM2tyUF93?oc=5,secondary,unverified,normal,2026-09-28T00:49:41+00:00,b7b605e66573afb607eafe9d,
JP,6701,6701.T,NEC,"Sat, 26 Sep 2026",disclosure,数百基の光通信衛星で大容量通信を実現へ、ＮＥＣが整備計画…日本独自の衛星網で経済安保強化 - 読売新聞,Secondary news detection only; verify with primary source before acting.,Google News RSS,https://news.google.com/rss/articles/CBMiZEFVX3lxTFBDaUNWZEFYMXM2LXduUVpESXFwZy1NNTFYMkdqS1h1TjIxeFFlQmdDNGNkUnhjenA4dmVWR3g4YnJkZGhxZDhvMDRxOS1EV0RrM29TUno3OW9kNU5IQ1I2R2FwSW8?oc=5,secondary,unverified,normal,2026-09-28T00:49:41+00:00,b510fb905a48e33fb5ec1d0b,
JP,6965,6965.T,浜松ホトニクス,"Sun, 09 Aug 2026",disclosure,【半導体人材の未来】〈42〉「浜松ホトニクスが目標」 台湾の大学連合ブースから世界市場へ - 電波新聞デジタル,Secondary news detection only; verify with primary source before acting.,Google News RSS,https://news.google.com/rss/articles/CBMiUkFVX3lxTFBDNFdPSmtkRDRqUTlpdk9zZ1dpRVhBWDBqZjhYRUFvaFpURUs2OV9TQzlOUlQtN1lnSEdlNjdFcGgyeFRBamFoS2JCMTFhSTlwYnc?oc=5,secondary,unverified,normal,2026-09-28T00:49:41+00:00,db9fa4eea668eb56159b247c,
JP,6701,6701.T,NEC,"Sun, 27 Sep 2026",disclosure,遠隔通信なのにまるで対面しているよう…NECネッツ、3Dビデオ機器投入 - ニュースイッチ by 日刊工業新聞社,Secondary news detection only; verify with primary source before acting.,Google News RSS,https://news.google.com/rss/articles/CBMiQkFVX3lxTE9RSGFoNkVjajZmZFNENDJjdmNERWY3SU9PcEZnQ1dCQVB0TFB2b1dkVFdYajhHMFdTLVhtM1piZV9kQQ?oc=5,secondary,unverified,normal,2026-09-28T00:49:41+00:00,54514a2580b4ab2c53697062,
JP,4063,4063.T,信越化学工業,"Thu, 24 Sep 2026",disclosure,信越化学のストックオプション発行に対し、投資家はどのように反応しているか - simplywall.st,Secondary news detection only; verify with primary source before acting.,Google News RSS,https://news.google.com/rss/articles/CBMiqAFBVV95cUxNaDBvQUFLZWJvSV9nRDNMNTN0WjBFTF9ySE1mMnBKdERHV0RKaVBJSHpGeXRiaEk3dmJuakdCUG84WkE1UzVlZXREYnRlN285RmtvMEtYYTVHMmttT1VZU29RWWtkQXJOMEI4ZzFTc29NN2czX1pmYXBKbFU5aDBuVkhoSVdwY1JNdWRGQWlac0RKSDRSWTUwV3J6YS1zcURZRjFhc1lMRkjSAagBQVVfeXFMTWgwb0FBS2Vib0lfZ0QzTDUzdFowRUxfckhNZjJwSnRER1dESmlQSUh6Rnl0YmhJN3ZibmpHQlBvOFpBNVM1ZWV0RGJ0ZTdvOUZrbzBLWGE1RzJrbU9VWVNvUVlrZEFyTjBCOGcxU3NvTTdnM19aZmFwSmxVOWgwblZIaElXcGNSTXVkRkFpWnNESkg0Ulk1MFdyemEtc3FEWUYxYXNZTEZI?oc=5,secondary,unverified,normal,2026-09-28T00:49:41+00:00,e2471dcbea75956a8d9915b8,
JP,9433,9433.T,KDDI,"Thu, 24 Sep 2026",disclosure,次世代シアター「Immersive Zero」に出演者動作連動型3D音響を導入 - KDDI ニュースルーム,Secondary news detection only; verify with primary source before acting.,Google News RSS,https://news.google.com/rss/articles/CBMibEFVX3lxTE02ZmpKdU9lTVRpdTA2U2xEV2NfY2tWeVljcTd0dDBORHQtUG96QmROVERCLTBfcEZKR0ExUXhIMDVCM19CZVlaUWRwd3ZhUzhxUDJXT2ZyWEVWUFBYOENreVdaLUJTc3RTV3RSRQ?oc=5,secondary,unverified,normal,2026-09-28T00:49:41+00:00,8147325667bfabfda5dd33a2,
