market,code,ticker,name,priority,source,fetched_at,fundamental_status,secondary_snapshot_status,secondary_snapshot_source,supply_demand_source_status,supply_demand_source,secondary_fundamental_status,secondary_fundamental_source_file,ticker_screen,code_screen,name_screen,market_screen,exchange,universe_source,merge_code,merge_exchange,source_name,source_description,price,volume,avg_volume_30d,market_cap,pe,pb,dividend_yield,roe,debt_to_equity,gross_margin,operating_margin,profit_margin,revenue_growth,earnings_growth,return_1m,return_3m,return_6m,return_12m,volatility_1m,beta_1y,source_code,source_symbol,source_exchange,avg_turnover_30d,price_status,fundamental_fields_present,fundamental_status_screen,data_retrieved_at_utc,price_date,price_basis,price_source,fundamental_source,eligible,rank_return_1m,rank_return_3m,rank_return_6m,rank_return_12m,rank_avg_turnover_30d,rank_volatility_1m,beta_abs,rank_beta_abs,momentum_score,risk_score,liquidity_score,pre_score,earnings_yield,rank_earnings_yield,rank_dividend_yield,rank_roe,rank_gross_margin,rank_operating_margin,rank_profit_margin,rank_revenue_growth,rank_earnings_growth,rank_pb,rank_debt_to_equity,value_score,quality_score,growth_score,factor_coverage,total_score,flags,market_percentile,cross_market_score,market_rank,cross_market_rank,theme,theme_source,is_mortgage_reit,theme_rank,research_status,research_candidate,previous_market_rank,rank_change,daily_change,_code,fundamental_source_file,yf_price,yf_market_cap,yf_trailing_pe,yf_forward_pe,yf_pbr,yf_roe,yf_profit_margin,yf_revenue_growth,yf_earnings_growth,yf_dividend_yield,yf_beta,yf_shares_outstanding,yf_float_shares,yf_held_percent_insiders,yf_held_percent_institutions,yf_shares_short,yf_shares_short_prior_month,yf_short_percent_float,yf_short_ratio_days,yf_short_interest_date,yf_average_volume,yf_regular_market_volume,yf_regular_market_change_pct,yf_regular_market_time
JP,4063,4063.T,信越化学工業,high,watchlist,2026-09-29T15:06:57+00:00,missing,ok,yfinance,ok,yfinance,ok,data/screening_latest.csv,,,,,,,,,,,,,,,,,,,,,,,,,,,,,,,,,,,,,,,,,,,,,,,,,,,,,,,,,,,,,,,,,,,,,,,,,,,,,,,,,,,,,,,,5749.0,10434806546432.0,22.783657,17.435476,2.3453236,0.112320006,0.18361999,0.054,0.057,2.0,1.062,1815064711.0,1858411572.0,0.0078,0.56125,,,,,,7238511.0,6086200.0,0.22663876,1790663400.0
JP,9433,9433.T,KDDI,high,watchlist,2026-09-29T15:06:57+00:00,missing,ok,yfinance,ok,yfinance,ok,data/screening_latest.csv,,,,,,,,,,,,,,,,,,,,,,,,,,,,,,,,,,,,,,,,,,,,,,,,,,,,,,,,,,,,,,,,,,,,,,,,,,,,,,,,,,,,,,,,2923.5,10805146812416.0,16.075552,1254.7211,2.1709652,0.14586,0.12086,0.036,0.194,2.82,-0.102,3695962728.0,2988837250.0,0.21152,0.37717998,,,,,,8787876.0,10216600.0,-0.5443103,1790663400.0
JP,6701,6701.T,NEC,high,watchlist,2026-09-29T15:06:57+00:00,missing,ok,yfinance,ok,yfinance,ok,data/screening_latest.csv,,,,,,,,,,,,,,,,,,,,,,,,,,,,,,,,,,,,,,,,,,,,,,,,,,,,,,,,,,,,,,,,,,,,,,,,,,,,,,,,,,,,,,,,4785.0,6346556571648.0,23.60515,6.6554465,2.840801,0.1416,0.08154,0.145,1.586,0.84,0.345,1326344017.0,1260926975.0,0.04961,0.55209,,,,,,6687011.0,4176300.0,0.5674653,1790663400.0
JP,6965,6965.T,浜松ホトニクス,high,watchlist,2026-09-29T15:06:57+00:00,missing,ok,yfinance,ok,yfinance,ok,data/screening_latest.csv,,,,,,,,,,,,,,,,,,,,,,,,,,,,,,,,,,,,,,,,,,,,,,,,,,,,,,,,,,,,,,,,,,,,,,,,,,,,,,,,,,,,,,,,2302.0,664672206848.0,50.438213,27.294287,2.0983202,0.055180002,0.07496,0.243,,1.65,0.762,288736847.0,279958167.0,0.028299998,0.43366,,,,,,2758083.0,1529600.0,0.69991255,1790663400.0
US,CARE,CARE,"Carter Bankshares, Inc. - Common Stock",normal,screening,2026-09-29T15:06:57+00:00,missing,ok,yfinance,ok,yfinance,ok,data/screening_latest.csv,CARE,CARE,"Carter Bankshares, Inc. - Common Stock",US,NASDAQ,Nasdaq Trader,CARE,NASDAQ,CARE,"Carter Bankshares, Inc.",29.7,23441.0,270793.9,658268744.2312881,5.116014676244122,1.220852656649372,0.674308833445718,26.8692956357082,0.0,,65.03029398128139,49.8723016353249,40.08538785327721,327.11153619776337,-7.332293291731663,-11.58082762727003,28.460207612456735,50.15166835187056,2.3398312155968055,-0.20256557,CARE,NASDAQ:CARE,NASDAQ,8042578.83,ok,7,ok,2026-09-29T15:06:02.606610+00:00,,TradingView scanner close; exact exchange timestamp unavailable,TradingView scanner (unofficial/undocumented),TradingView scanner (unofficial/undocumented),True,0.4865515857085508,0.407065435568045,0.7970694500200722,0.8687274187073465,0.4910264166162533,0.7970694500200722,0.20256557,0.8689447236180905,63.985347250100354,83.30070868190813,49.10264166162533,66.58178176978105,0.19546464646464645,0.9716726618705036,0.6001760046934584,0.8664085188770572,,0.9775928297055058,0.9721421709894332,0.883864671437866,0.967654986522911,0.7783715812637535,0.9845650140318054,78.34067492759051,95.01771334009503,92.57598289803886,1.0,83.94770203633043,ok,100.0,100.0,1.0,2.0,Financials,concentration_guard_keyword_v1,False,1.0,research_candidate,True,1.0,0.0,unchanged,CARE,,29.64,686578944.0,5.1103444,11.400001,1.2183993,0.27216,0.44919997,0.683,2.539,1.35,0.499,23163931.0,21235927.0,0.022780001,0.67273,2246037,2072878,0.0992,8.75,1789430400,348623.0,32571.0,-0.067386985,1790694416.0
JP,3932,3932.T,Akatsuki Inc.,normal,screening,2026-09-29T15:06:57+00:00,missing,ok,yfinance,ok,yfinance,ok,data/screening_latest.csv,3932.T,3932,Akatsuki Inc.,JP,Prime Market (Domestic),JPX,3932,TSE,3932,"Akatsuki, Inc.",1238.0,194400.0,330960.0032448001,15641932766.0,2.3245643929685493,0.3833530385981608,8.84616269231654,19.189421087165,0.897367269732609,57.0197774599742,34.3123234155359,26.5234225121211,31.304387652285428,925.4999711166312,-4.524420639074548,28.467659534417166,31.936058157726478,35.054546805090915,3.255978965159574,0.40554976,3932,TSE:3932,TSE,409728484.0170625,ok,7,ok,2026-09-29T15:06:02.606610+00:00,,TradingView scanner close; exact exchange timestamp unavailable,TradingView scanner (unofficial/undocumented),TradingView scanner (unofficial/undocumented),True,0.25854584915897993,0.9205100379815518,0.8958220293000543,0.8149755832881173,0.7417254476397178,0.15301139446554535,0.40554976,0.5897992403689636,72.24633749321758,37.14053174172545,74.17254476397179,63.75881714595768,0.4301881260096931,0.9943851768669287,0.990745501285347,0.8346415489272632,0.8496446145434664,0.9635985439417577,0.9552782111284451,0.9303062302006336,0.9900332225913622,0.9798553719008265,0.19989615784008308,98.83286833510341,76.06118152762032,96.01697263959979,1.0,79.33493737884234,ok,100.0,100.0,1.0,1.0,Other,concentration_guard_keyword_v1,False,1.0,research_candidate,True,1.0,0.0,unchanged,3932,,1238.0,44687847424.0,3.158566,5.9504924,1.1501001,0.19182,0.2653,1.216,,9.23,0.56,36096807.0,23922676.0,0.29354,0.15264,,,,,,261490.0,194400.0,-3.2812498,1790663400.0
US,STNG,STNG,Scorpio Tankers Inc. Common Shares,normal,screening,2026-09-29T15:06:57+00:00,missing,ok,yfinance,ok,yfinance,ok,data/screening_latest.csv,STNG,STNG,Scorpio Tankers Inc. Common Shares,US,NYSE,Nasdaq Trader,STNG,NYSE,STNG,Scorpio Tankers Inc.,83.425,121198.0,842592.1666666666,4178036933.121469,5.252272784507291,1.1864689773028518,2.12765957446809,24.6193235920985,0.200260575722882,59.143127672019,46.7231597053982,67.1573954411253,32.68443204491772,116.30646457218342,7.18874469998715,20.03597122302158,13.02669015038612,44.0846286701209,3.12097889818608,0.12924375,STNG,NYSE:STNG,NYSE,70293251.50416666,ok,7,ok,2026-09-29T15:06:02.606610+00:00,,TradingView scanner close; exact exchange timestamp unavailable,TradingView scanner (unofficial/undocumented),TradingView scanner (unofficial/undocumented),True,0.8992372541148134,0.8851866720192694,0.6647932557205941,0.8502609393817744,0.7783827384553338,0.6461260537936572,0.12924375,0.9109547738693468,82.48695303091127,77.85404138315019,77.83827384553338,80.63142324116431,0.1903937668564579,0.9698741007194245,0.7553534760926958,0.846079380445305,0.7388441843452817,0.9362996158770807,0.9884726224783862,0.8562134027325959,0.9140835579514824,0.789688777114115,0.6966011849080137,83.83054513087451,84.12593976108134,88.51484803420392,1.0,83.74323999193896,ok,99.97066588442358,99.97066588442358,2.0,3.0,Shipping,concentration_guard_keyword_v1,False,1.0,research_candidate,True,2.0,0.0,unchanged,STNG,,83.325,4173028608.0,5.191589,15.425299,1.2285112,0.24619,0.67157,0.775,3.828,2.16,-0.227,50081352.0,39025777.0,0.13719,0.75047,2416056,2653677,0.0513,3.26,1789430400,829666.0,128879.0,0.16227251,1790694122.0
JP,4746,4746.T,"Toukei Computer Co.,Ltd.",normal,screening,2026-09-29T15:06:57+00:00,missing,ok,yfinance,ok,yfinance,ok,data/screening_latest.csv,4746.T,4746,"Toukei Computer Co.,Ltd.",JP,Standard Market(Domestic),JPX,4746,TSE,4746,"Toukei Computer Co., Ltd.",1950.0,341800.0,267233.3333333333,34068503351.0,6.124997055289877,0.6046183990352201,10.5488621151272,11.576210920636,0.0,45.3229642632082,30.4546459977445,26.6473143576235,8.82045885482644,18.152469356641646,15.72700296735905,75.67567567567568,81.60651920838184,90.2439024390244,2.304266461884906,0.5116636,4746,TSE:4746,TSE,521104999.99999994,ok,7,ok,2026-09-29T15:06:02.606610+00:00,,TradingView scanner close; exact exchange timestamp unavailable,TradingView scanner (unofficial/undocumented),TradingView scanner (unofficial/undocumented),True,0.9666304937601736,0.9921323928377646,0.9831795984807379,0.9484536082474226,0.7726532826912642,0.3309820944112859,0.5116636,0.4872490504612046,97.25990233315247,40.91155724362452,77.26532826912643,80.17362995116657,0.16326538461538462,0.9573273441886581,0.9938303341902314,0.5913134484563056,0.7517769272826681,0.9511180447217888,0.9557982319292772,0.5638859556494192,0.47840531561461797,0.9328512396694215,0.9698857736240913,96.13363060161036,84.39784852028262,52.114563563201855,1.0,76.28150142963017,ok,99.94858611825192,99.94858611825192,2.0,4.0,Other,concentration_guard_keyword_v1,False,2.0,research_candidate,True,2.0,0.0,unchanged,4746,,1950.0,140591218688.0,6.1241794,,0.6046311,0.11576,0.26647,0.157,0.16,10.44,0.333,72098064.0,22020191.0,0.66589,0.03165,,,,,,237273.0,341800.0,4.3897214,1790663400.0
US,INSW,INSW,"International Seaways, Inc. Common Stock ",normal,screening,2026-09-29T15:06:57+00:00,missing,ok,yfinance,ok,yfinance,ok,data/screening_latest.csv,INSW,INSW,"International Seaways, Inc. Common Stock ",US,NYSE,Nasdaq Trader,INSW,NYSE,INSW,"International Seaways, Inc.",109.22,73002.0,680116.7,5409809669.023543,6.974679906765861,2.387561421449404,7.69088726802696,37.4116050605098,0.28815429064575404,59.5329951495586,55.6529596108849,61.8606353609804,57.663130697337884,225.71030408918836,10.012087026591455,43.956768156056405,53.5066760365425,131.64369034994698,3.7010150767159677,0.47885472,INSW,NYSE:INSW,NYSE,74282345.97399999,ok,7,ok,2026-09-29T15:06:02.606610+00:00,,TradingView scanner close; exact exchange timestamp unavailable,TradingView scanner (unofficial/undocumented),TradingView scanner (unofficial/undocumented),True,0.9197109594540345,0.9538338016860699,0.8980329185066238,0.9666800481734243,0.7852389594676346,0.5399437976716178,0.47885472,0.7143718592964824,93.45644319550381,62.71578284840501,78.52389594676346,83.53139602141806,0.14337575535616187,0.9415467625899281,0.9659724259313581,0.9228783478541465,0.7439648866130212,0.9596670934699104,0.9830291386487352,0.9186727391021471,0.9497978436657682,0.4759509588179818,0.6423448705955721,79.44900491130893,85.0376867436277,93.42352913839576,1.0,83.23221264799963,ok,99.94133176884718,99.94133176884718,3.0,5.0,Shipping,concentration_guard_keyword_v1,False,2.0,research_candidate,True,3.0,0.0,unchanged,INSW,,109.21,5409314304.0,6.9827366,17.00648,2.3873649,0.37412,0.61767,1.401,3.731,7.55,-0.101,49531311.0,41484454.0,0.16228001,0.84836996,2737167,2700802,0.078600004,4.36,1789430400,599028.0,85730.0,0.8309496,1790694414.0
JP,8622,8622.T,"Mito Securities Co.,Ltd.",normal,screening,2026-09-29T15:06:57+00:00,missing,ok,yfinance,ok,yfinance,ok,data/screening_latest.csv,8622.T,8622,"Mito Securities Co.,Ltd.",JP,Prime Market (Domestic),JPX,8622,TSE,8622,"Mito Securities Co., Ltd.",885.0,578900.0,419263.3333333333,54381741119.0,12.50210134189221,1.2238505657715961,4.65367965367965,10.3343833292949,0.0853823725233602,97.5344186776946,29.0792022195467,22.3263361775637,35.37665650910637,128.699874646231,-9.50920245398773,33.685800604229605,25.0,58.60215053763441,2.4382555823861978,0.3139069,8622,TSE:8622,TSE,371048050.0,ok,7,ok,2026-09-29T15:06:02.606610+00:00,,TradingView scanner close; exact exchange timestamp unavailable,TradingView scanner (unofficial/undocumented),TradingView scanner (unofficial/undocumented),True,0.06755290287574607,0.9405860010851872,0.8583830710797613,0.8988062940857298,0.7240911557243624,0.2943570265870863,0.3139069,0.6885512750949538,69.13320672816062,49.145415084102005,72.40911557243625,64.6276451437873,0.07998655367231639,0.6367209432902864,0.9269922879177378,0.5196232339089482,0.9978130125751777,0.9401976079043162,0.9245969838793552,0.938753959873284,0.9058693244739756,0.5795454545454546,0.7009345794392523,71.44195619178262,81.663308354141,92.23116421736299,1.0,74.46434225179289,ok,99.89717223650385,99.89717223650385,3.0,7.0,Financials,concentration_guard_keyword_v1,False,1.0,research_candidate,True,3.0,0.0,unchanged,8622,,885.0,53307260928.0,17.25819,,1.2238498,0.103369996,0.23229,0.717,3.509,4.55,0.481,60234191.0,46870633.0,0.19357,0.20897,,,,,,371580.0,578900.0,-2.10177,1790663400.0
US,NWFL,NWFL,Norwood Financial Corp. - Common Stock,normal,screening,2026-09-29T15:06:57+00:00,missing,ok,yfinance,ok,yfinance,ok,data/screening_latest.csv,NWFL,NWFL,Norwood Financial Corp. - Common Stock,US,NASDAQ,Nasdaq Trader,NWFL,NASDAQ,NWFL,Norwood Financial Corp.,33.54,1876.0,31937.1,365655573.238938,11.560733489590515,1.261316688265242,3.74631268436578,11.1962567831245,0.226187681259495,,40.144100054377375,27.998524042569716,42.39417378943676,1121.5578947368422,-1.5267175572519174,3.903345724907057,13.234301147873053,30.913348946135823,1.9879230369742642,0.1603448,NWFL,NASDAQ:NWFL,NASDAQ,1071170.334,ok,7,ok,2026-09-29T15:06:02.606610+00:00,,TradingView scanner close; exact exchange timestamp unavailable,TradingView scanner (unofficial/undocumented),TradingView scanner (unofficial/undocumented),True,0.7183861902850261,0.7332396627860297,0.6668004817342432,0.7896427137695704,0.26658600524299253,0.8659173022882376,0.1603448,0.890854271356784,72.70172621437175,87.83857868225108,26.658600524299253,69.57947047783071,0.08649970184853906,0.7981115107913669,0.8809034907597536,0.5911584382058729,,0.896606914212548,0.8642331091898815,0.8893949251789199,0.9892183288409704,0.7651681861049984,0.6800748362956034,81.47277292187063,75.80183244759763,93.93066270099452,1.0,82.1858296170594,ok,99.88266353769434,99.88266353769434,5.0,8.0,Financials,concentration_guard_keyword_v1,False,2.0,research_candidate,True,5.0,0.0,unchanged,NWFL,,33.29,362930048.0,11.400685,8.590968,1.2452774,0.11196999,0.28926,0.347,0.284,3.78,0.532,10902074.0,9844156.0,0.08091,0.42388,165224,145110,0.0165,5.37,1789430400,34673.0,2474.0,-1.7994118,1790693996.0
US,TEN,TEN,Tsakos Energy Navigation Ltd Common Shares,normal,screening,2026-09-29T15:06:57+00:00,missing,ok,yfinance,ok,yfinance,ok,data/screening_latest.csv,TEN,TEN,Tsakos Energy Navigation Ltd Common Shares,US,NYSE,Nasdaq Trader,TEN,NYSE,TEN,Tsakos Energy Navigation Ltd,46.92,97550.0,424405.9,1381767318.1127186,4.751584874324024,0.6725044023812276,4.31872165838912,16.8897802727216,1.02312794787646,43.1027709787568,38.2915649418514,33.607899159839,23.231139040907678,253.35838253712643,11.35635457458171,33.846812152332056,19.26792069140823,106.69603524229078,3.852285842038325,0.2180051,TEN,NYSE:TEN,NYSE,19913124.828,ok,7,ok,2026-09-29T15:06:02.606610+00:00,,TradingView scanner close; exact exchange timestamp unavailable,TradingView scanner (unofficial/undocumented),TradingView scanner (unofficial/undocumented),True,0.9283420313127259,0.9317543155359294,0.7334403853873946,0.9514251304696909,0.6071788667069974,0.5152549177037334,0.2180051,0.8598994974874372,88.62404656764352,68.75772075955852,60.71788667069974,79.4715411310807,0.21045609548167088,0.9752697841726619,0.9073041947785274,0.7437883188125202,0.5790051207022677,0.8802816901408451,0.9215497918667948,0.7872478854912166,0.9555256064690026,0.9456145866079849,0.3136888057374493,94.2729521853058,68.76627454519755,87.13867459801097,1.0,81.79480670130835,ok,99.85332942211792,99.85332942211792,6.0,9.0,Other,concentration_guard_keyword_v1,False,1.0,research_candidate,True,7.0,1.0,unchanged,TEN,,47.11,1419311488.0,4.77305,16.051107,0.6872155,0.17221001,0.33813,0.544,5.601,4.32,-0.254,30127603.0,21544247.0,0.28069,0.34036,286599,204453,0.0108,0.8,1789430400,317909.0,112088.0,1.7269276,1790694414.0
JP,8609,8609.T,OKASAN SECURITIES GROUP INC.,normal,screening,2026-09-29T15:06:57+00:00,missing,ok,yfinance,ok,yfinance,ok,data/screening_latest.csv,8609.T,8609,OKASAN SECURITIES GROUP INC.,JP,Prime Market (Domestic),JPX,8609,TSE,8609,Okasan Securities Group Inc.,1238.0,355200.0,505616.6666666667,279560425339.0,8.98180567667531,1.0544702178089151,3.16205533596838,12.6718404055869,0.623493822117839,93.3650082860266,29.9381192482635,24.3679700997849,38.457783093709565,176.97405569856306,2.823920265780731,27.892561983471076,42.956120092378754,79.42028985507247,2.216854987389586,0.9612603,8609,TSE:8609,TSE,625953433.3333334,ok,7,ok,2026-09-29T15:06:02.606610+00:00,,TradingView scanner close; exact exchange timestamp unavailable,TradingView scanner (unofficial/undocumented),TradingView scanner (unofficial/undocumented),True,0.8125339120998373,0.9177970699945741,0.9354313619099295,0.9376017362995117,0.7894736842105263,0.36163863266413454,0.9612603,0.22924579489962016,90.08410200759631,29.544221378187736,78.94736842105263,73.27862181226261,0.1113361873990307,0.8562605277933745,0.7077120822622108,0.6457352171637886,0.9923455440131219,0.9479979199167967,0.9417576703068122,0.9461457233368532,0.9346622369878184,0.672004132231405,0.28608515057113193,74.532558076233,76.27843003943303,94.04039801623358,1.0,74.45507514003083,ok,99.84575835475579,99.84575835475579,4.0,10.0,Financials,concentration_guard_keyword_v1,False,2.0,research_candidate,True,4.0,0.0,unchanged,8609,,1238.0,248586272768.0,11.623322,,1.0544705,0.12672,0.26577,0.666,3.668,3.16,0.655,200796666.0,183783706.0,0.07841,0.41631,,,,,,476155.0,355200.0,-2.1343875,1790663400.0
JP,8707,8707.T,"IwaiCosmo Holdings,Inc.",normal,screening,2026-09-29T15:06:57+00:00,missing,ok,yfinance,ok,yfinance,ok,data/screening_latest.csv,8707.T,8707,"IwaiCosmo Holdings,Inc.",JP,Prime Market (Domestic),JPX,8707,TSE,8707,"IwaiCosmo Holdings, Inc.",4620.0,131400.0,116460.0,111690350704.0,9.31005631173454,1.4580841058890976,4.73186119873817,16.5637589614966,0.36296943231441,97.1910112359551,45.1109893121403,31.9429980816662,38.7610754078412,64.54057796384359,-1.702127659574468,15.5,27.977839335180054,70.73170731707317,1.8886860501802496,0.8386106,8707,TSE:8707,TSE,538045200.0,ok,7,ok,2026-09-29T15:06:02.606610+00:00,,TradingView scanner close; exact exchange timestamp unavailable,TradingView scanner (unofficial/undocumented),TradingView scanner (unofficial/undocumented),True,0.4905046120455779,0.8080575149213239,0.8784590341833967,0.9218665219750407,0.7756375474769398,0.4725990233315247,0.8386106,0.2873033098209441,77.47219207813347,37.99511665762344,77.56375474769398,67.61665762344003,0.10741073593073594,0.8360471645143178,0.9311053984575836,0.7755102040816326,0.996172772006561,0.9875195007800313,0.9750390015600624,0.9472016895459345,0.7967884828349945,0.48088842975206614,0.4179646936656283,74.93469975746558,83.04412344187831,87.19950861904645,1.0,74.25470383400881,ok,99.79434447300771,99.79434447300771,5.0,13.0,Other,concentration_guard_keyword_v1,False,3.0,research_candidate,True,5.0,0.0,unchanged,8707,,4620.0,108517908480.0,10.391597,,1.4580839,0.16564,0.33735,0.402,0.555,4.84,0.293,23488725.0,19142841.0,0.17061001,0.16735001,,,,,,114956.0,131400.0,-1.4925373,1790663400.0
US,BUSE,BUSE,First Busey Corporation - Common Stock,normal,screening,2026-09-29T15:06:57+00:00,missing,ok,yfinance,ok,yfinance,ok,data/screening_latest.csv,BUSE,BUSE,First Busey Corporation - Common Stock,US,NASDAQ,Nasdaq Trader,BUSE,NASDAQ,BUSE,First Busey Corporation,29.57,141502.0,703337.9,2441800432.365927,12.293173692525151,1.0298141110652952,3.46102150537634,9.62271645071912,0.194339005742461,,38.07175706440997,29.282505412709597,35.64369018769773,114.88297302126142,-2.24793388429752,-0.4377104377104344,17.201743955608404,23.620401337792636,1.5467300129492672,0.2681698,BUSE,NASDAQ:BUSE,NASDAQ,20797701.703,ok,7,ok,2026-09-29T15:06:02.606610+00:00,,TradingView scanner close; exact exchange timestamp unavailable,TradingView scanner (unofficial/undocumented),TradingView scanner (unofficial/undocumented),True,0.6926936973103172,0.6415094339622641,0.7111601766358892,0.7513046969088719,0.6124218592458157,0.9454034524287435,0.2681698,0.8285427135678392,69.91670012043356,88.69730829982913,61.24218592458157,73.31067503590465,0.08134595874196822,0.762589928057554,0.8635963625696685,0.5366247176508551,,0.8783610755441741,0.8802433557476785,0.8708523096942095,0.9134097035040432,0.8491040553285131,0.702837542874961,82.50967819852451,74.95166729544172,89.21310065991264,1.0,81.0000577685135,ok,99.73599295981226,99.73599295981226,10.0,16.0,Other,concentration_guard_keyword_v1,False,2.0,research_candidate,True,10.0,0.0,unchanged,BUSE,,29.49,2435194624.0,12.036735,10.7627735,1.0294272,0.09634,0.29507,-0.009,0.327,3.49,0.703,82576956.0,79560420.0,0.04281,0.68937,4473669,3582081,0.0559,7.59,1789430400,787469.0,153978.0,-0.9072596,1790694410.0
US,TRMD,TRMD,TORM plc - Class A Common Stock,normal,screening,2026-09-29T15:06:57+00:00,missing,ok,yfinance,ok,yfinance,ok,data/screening_latest.csv,TRMD,TRMD,TORM plc - Class A Common Stock,US,NASDAQ,Nasdaq Trader,TRMD,NASDAQ,TRMD,TORM plc,36.1,389560.0,1578738.5,3684377647.558824,6.084181120995642,1.4547420696145683,6.65040920716113,26.6639628552417,0.42198956985452707,45.3629286293108,39.0870327379012,35.5443492658007,20.287134246724882,64.44948987550526,12.007446478436254,41.40227183705444,28.974633797784936,71.09004739336493,3.3567242488552465,0.43540433,TRMD,NASDAQ:TRMD,NASDAQ,56992459.85,ok,7,ok,2026-09-29T15:06:02.606610+00:00,,TradingView scanner close; exact exchange timestamp unavailable,TradingView scanner (unofficial/undocumented),TradingView scanner (unofficial/undocumented),True,0.9313528703331995,0.948815736651947,0.8010839020473706,0.9132878362103573,0.7519661222020568,0.599959855479727,0.43540433,0.7338693467336683,89.86350863107187,66.69146011066977,75.19661222020568,81.8704620393414,0.16436065595567864,0.9545863309352518,0.9562921677911411,0.8651177799290094,0.6057059253840527,0.8886043533930857,0.9340377841818764,0.752765126870527,0.8089622641509434,0.6912920465262495,0.5647022139070783,86.73901817508808,77.16336113590205,78.08636955107352,1.0,80.07611404922348,ok,99.64799061308301,99.64799061308301,13.0,20.0,Other,concentration_guard_keyword_v1,False,3.0,research_candidate,True,13.0,0.0,unchanged,TRMD,,36.1,3705692928.0,5.9375,8.356481,1.4495081,0.26841998,0.35516998,1.103,4.603,12.48,0.039,102650777.0,75583488.0,0.26677,0.37342998,1479173,1009197,0.0242,1.12,1789430400,1020539.0,419083.0,1.9198203,1790694414.0
US,FRO,FRO,Frontline Plc Ordinary Shares,normal,screening,2026-09-29T15:06:57+00:00,missing,ok,yfinance,ok,yfinance,ok,data/screening_latest.csv,FRO,FRO,Frontline Plc Ordinary Shares,US,NYSE,Nasdaq Trader,FRO,NYSE,FRO,Frontline Plc,48.86,810541.0,3384598.3666666667,10877354270.298544,7.317219276964088,3.44749241848014,6.50727650727651,53.8422866862181,0.771704039427602,51.527092108084,49.135816748947,54.758975386617,48.84009857969576,524.5230078563412,10.045045045045049,42.65693430656934,41.8287373004354,112.34245980008691,3.3441546873158274,0.7150004,FRO,NYSE:FRO,NYSE,165371476.19533333,ok,7,ok,2026-09-29T15:06:02.606610+00:00,,TradingView scanner close; exact exchange timestamp unavailable,TradingView scanner (unofficial/undocumented),TradingView scanner (unofficial/undocumented),True,0.9199116820553994,0.951023685266961,0.865114411882778,0.9548374146928944,0.8719499899173221,0.602368526696106,0.7150004,0.5959798994974874,92.27217984745081,59.917421309679675,87.1949989917322,83.42191308465024,0.13666393778141628,0.9321043165467626,0.9554121443238487,0.9577282994514359,0.668983174835406,0.9462227912932138,0.9785462696125521,0.903708523096942,0.9774258760107817,0.3454888399874253,0.40224508886810106,74.43351002860122,79.07451248121417,94.05671995538619,1.0,80.01678979210065,ok,99.61865649750659,99.61865649750659,14.0,22.0,Other,concentration_guard_keyword_v1,False,4.0,research_candidate,True,14.0,0.0,unchanged,FRO,,48.78,10859544576.0,7.313343,10.654983,3.4417553,0.53851,0.54759,0.965,7.501,11.19,0.063,222622889.0,142919442.0,0.35786998,0.39394,10900802,9344857,0.0761,3.85,1789430400,2694620.0,867127.0,1.413722,1790694410.0
US,DBRG,DBRG,"DigitalBridge Group, Inc.",normal,screening,2026-09-29T15:06:57+00:00,missing,ok,yfinance,ok,yfinance,ok,data/screening_latest.csv,DBRG,DBRG,"DigitalBridge Group, Inc.",US,NYSE,Nasdaq Trader,DBRG,NYSE,DBRG,"DigitalBridge Group, Inc.",15.995,200589.0,5229143.533333333,3043532224.3989363,10.39311241065627,1.9253361965612377,0.250312891113892,15.873708408532,0.136298772311674,95.9025496623846,34.5550360899258,58.0192669448442,99.25070006975665,,0.15654351909830042,1.234177215189864,3.594559585492226,34.41176470588234,0.1944894784227521,0.6035954,DBRG,NYSE:DBRG,NYSE,83640150.81566666,ok,6,ok,2026-09-29T15:06:02.606610+00:00,,TradingView scanner close; exact exchange timestamp unavailable,TradingView scanner (unofficial/undocumented),TradingView scanner (unofficial/undocumented),True,0.7816138097149739,0.68586912886391,0.5499799277398635,0.8103171417101566,0.8009679370840895,0.9855479727017262,0.6035954,0.6532663316582914,70.6945002007226,81.94071521800088,80.09679370840895,74.91639798119513,0.09621756798999688,0.8480215827338129,0.5564681724845996,0.7224911261697322,0.9776883686905633,0.8437900128040973,0.9814281139929555,0.9534808067664281,,0.5737189563030494,0.7499220455254132,65.94029038404872,85.50639334365525,95.34808067664281,1.0,79.82656938006308,ok,99.58932238193019,99.58932238193019,15.0,23.0,Other,concentration_guard_keyword_v1,False,5.0,research_candidate,True,15.0,0.0,unchanged,DBRG,,15.995,2998987008.0,10.059748,39.9875,1.9252528,0.10207,0.5434,,10.993,0.25,1.475,187495281.0,170288839.0,0.0369,1.01239,16251269,13494379,0.087,3.65,1789430400,4340009.0,323824.0,0.093869485,1790694399.0
JP,6135,6135.T,"Makino Milling Machine Co.,Ltd.",normal,screening,2026-09-29T15:06:57+00:00,missing,ok,yfinance,ok,yfinance,ok,data/screening_latest.csv,6135.T,6135,"Makino Milling Machine Co.,Ltd.",JP,Prime Market (Domestic),JPX,6135,TSE,6135,"Makino Milling Machine Co., Ltd.",3055.0,519800.0,685343.3333333334,75956321322.0,2.8127861986939284,0.266403584914996,8.59872611464968,10.3291672426551,0.19959365505414803,32.6288208973098,10.6783714440207,9.21950812354613,15.904435424509453,104.6500335584001,-0.940337224383917,0.16393442622950818,32.13667820069204,33.05749128919861,2.4900909542725667,0.3310681,6135,TSE:6135,TSE,2093723883.3333335,ok,7,ok,2026-09-29T15:06:02.606610+00:00,,TradingView scanner close; exact exchange timestamp unavailable,TradingView scanner (unofficial/undocumented),TradingView scanner (unofficial/undocumented),True,0.561584373304395,0.3404774823657081,0.8974498100922409,0.8062940857297883,0.8822571893651655,0.2821486706456864,0.3310681,0.6695604991861096,65.14514378730331,47.5854584915898,88.22571893651656,64.21730873575692,0.35551937806873973,0.9921392476137002,0.9902313624678664,0.5185766614338043,0.5598687807545106,0.6287051482059283,0.6739469578783152,0.764519535374868,0.8842746400885936,0.9922520661157025,0.5508826583592938,99.15408920657563,58.63960413263705,82.43970877317308,1.0,72.84595543127176,ok,99.53727506426735,99.53727506426735,10.0,26.0,Other,concentration_guard_keyword_v1,False,4.0,research_candidate,True,10.0,0.0,unchanged,6135,,3055.0,355747397632.0,17.009075,5.5641565,1.332023,0.103199996,0.0922,0.259,3.539,2.29,0.009,116447595.0,109057627.0,0.08199,0.34785,,,,,,920866.0,519800.0,-1.7684888,1790663400.0
US,MRP,MRP,"Millrose Properties, Inc. Class A Common Stock",normal,screening,2026-09-29T15:06:57+00:00,missing,ok,yfinance,ok,yfinance,ok,data/screening_latest.csv,MRP,MRP,"Millrose Properties, Inc. Class A Common Stock",US,NYSE,Nasdaq Trader,MRP,NYSE,MRP,"Millrose Properties, Inc.",26.66,322266.0,1420033.0666666667,4111721266.4457097,9.297945802671503,0.7564869608150537,11.4274867122248,8.11972623428877,0.42580345723974505,,85.10919172223,62.5951458365931,228.24471299093653,890.4317789291885,-12.961149200130588,-11.251664447403458,-2.6652062796641123,-21.90978324545987,2.6243250725202385,0.19860762,MRP,NYSE:MRP,NYSE,37858081.557333335,ok,7,ok,2026-09-29T15:06:02.606610+00:00,,TradingView scanner close; exact exchange timestamp unavailable,TradingView scanner (unofficial/undocumented),TradingView scanner (unofficial/undocumented),True,0.2984745082296267,0.41308711360899236,0.44620634283420313,0.3739462063428342,0.6918733615648316,0.7438779606583701,0.19860762,0.8701507537688442,38.29285427539141,80.70143572136071,69.18733615648316,53.5291719190475,0.10755063765941485,0.8839928057553957,0.9803461425638017,0.48628589867699257,,0.9926376440460948,0.983669548511047,0.976252439817827,0.9845013477088949,0.9239232945614586,0.5600249454318678,92.94207476268853,75.56545091665005,98.03768937633609,1.0,79.58356279461468,ok,99.53065415077735,99.53065415077735,17.0,27.0,Other,concentration_guard_keyword_v1,False,6.0,research_candidate,True,18.0,1.0,unchanged,MRP,,26.705,4435139584.0,9.306621,8.260833,0.75790244,0.081199996,0.62595004,0.321,0.116,12.0,,154228116.0,153104491.0,0.01128,0.93816,7816747,6685006,0.0589,7.58,1789430400,1314892.0,362377.0,1.4047036,1790694343.0
JP,6750,6750.T,"ELECOM CO.,LTD.",normal,screening,2026-09-29T15:06:57+00:00,missing,ok,yfinance,ok,yfinance,ok,data/screening_latest.csv,6750.T,6750,"ELECOM CO.,LTD.",JP,Prime Market (Domestic),JPX,6750,TSE,6750,"Elecom Co., Ltd.",1977.0,176900.0,198700.0,186332136497.0,7.2899600988071676,1.4525693350578426,2.78728606356968,22.2792446506562,0.0113395854619764,39.4969908232846,11.9239082182908,15.4803402880368,15.437216999756378,115.43067085037933,0.2535496957403651,10.756302521008404,20.843520782396087,4.713983050847458,1.7603079218843607,0.33728418,6750,TSE:6750,TSE,392829900.0,ok,7,ok,2026-09-29T15:06:02.606610+00:00,,TradingView scanner close; exact exchange timestamp unavailable,TradingView scanner (unofficial/undocumented),TradingView scanner (unofficial/undocumented),True,0.670374389582203,0.7099837221920782,0.8307107976125881,0.5363537710255019,0.7352143244709712,0.5160065111231688,0.33728418,0.660607704829083,68.68556701030928,58.830710797612596,73.52143244709713,66.94723277265328,0.13717496206373295,0.9225154407636159,0.6190231362467866,0.8864468864468864,0.675779114270093,0.6812272490899636,0.8491939677587104,0.7539598732840549,0.893687707641196,0.4819214876033058,0.8655244029075805,67.44866882045693,79.16343240946466,82.38237904626254,1.0,72.25694278792119,ok,99.43444730077121,99.43444730077121,12.0,32.0,Other,concentration_guard_keyword_v1,False,5.0,research_candidate,True,12.0,0.0,unchanged,6750,,1977.0,159224840192.0,7.6334996,15.866774,1.4525956,0.22225,0.15481,0.184,0.493,2.84,,80538614.0,46551319.0,0.35237998,0.18501,,,,,,205296.0,176900.0,-1.9345238,1790663400.0
US,WSBC,WSBC,"WesBanco, Inc. - Common Stock",normal,screening,2026-09-29T15:06:57+00:00,missing,ok,yfinance,ok,yfinance,ok,data/screening_latest.csv,WSBC,WSBC,"WesBanco, Inc. - Common Stock",US,NASDAQ,Nasdaq Trader,WSBC,NASDAQ,WSBC,"WesBanco, Inc.",38.05,50458.0,928188.9666666667,3649219168.715032,11.041146770355752,0.9388304467278489,3.94771241830065,8.97967626046724,0.42515569928108804,,44.145186873256286,33.690846182092116,31.111729811453465,107.17806901526994,-6.234598324297687,-2.908905332993112,11.878859159070858,17.510809141445318,1.9831559971860344,0.29225567,WSBC,NASDAQ:WSBC,NASDAQ,35317590.181666665,ok,7,ok,2026-09-29T15:06:02.606610+00:00,,TradingView scanner close; exact exchange timestamp unavailable,TradingView scanner (unofficial/undocumented),TradingView scanner (unofficial/undocumented),True,0.5333199518265757,0.5824969891609795,0.6519470092332397,0.7147731834604576,0.6811857229280097,0.8671216378964272,0.29225567,0.8122613065326634,62.063428342031315,83.96914722145452,68.11857229280098,68.44812965450255,0.09057030223390278,0.8201438848920863,0.8908770900557348,0.5143594707970313,,0.9209346991037132,0.9225104066602625,0.8461288223812622,0.9059973045822103,0.8773970449544168,0.5612722170252573,86.28060066340794,72.9769198396566,87.60630634817362,1.0,79.24052772992373,ok,99.38398357289527,99.38398357289527,22.0,34.0,Other,concentration_guard_keyword_v1,False,7.0,research_candidate,True,21.0,-1.0,unchanged,WSBC,,37.92,3637710336.0,10.775568,9.8042,0.9358731,0.08979999,0.3401,0.035,0.596,3.98,0.682,95905889.0,92430260.0,0.02121,0.86547,6257780,6322165,0.066300005,7.11,1789430400,963765.0,59048.0,-0.8366005,1790694410.0
JP,3635,3635.T,"KOEI TECMO HOLDINGS CO.,LTD.",normal,screening,2026-09-29T15:06:57+00:00,missing,ok,yfinance,ok,yfinance,ok,data/screening_latest.csv,3635.T,3635,"KOEI TECMO HOLDINGS CO.,LTD.",JP,Prime Market (Domestic),JPX,3635,TSE,3635,"Koei Tecmo Holdings Co., Ltd.",1658.0,615900.0,871353.3333333334,559653322464.0,11.416452636870046,1.9785319970390278,3.94383029578727,20.5985244560912,0.0385122319735108,64.5848220666,42.8755180791768,52.8864018645353,13.215837098440437,57.26019090520252,-2.0094562647754137,9.801324503311259,0.9129640900791236,-12.437285450224453,1.8466357016344022,-1.8436303e-05,3635,TSE:3635,TSE,1444703826.6666667,ok,7,ok,2026-09-29T15:06:02.606610+00:00,,TradingView scanner close; exact exchange timestamp unavailable,TradingView scanner (unofficial/undocumented),TradingView scanner (unofficial/undocumented),True,0.4584915897992404,0.6901790558871406,0.5081389039609333,0.24145415084102007,0.8591969614758546,0.48507867607162236,1.8436303e-05,0.9997287032013022,47.45659251220836,74.24036896364623,85.91969614758546,59.92200217037439,0.0875928829915561,0.7097136440202133,0.8508997429305912,0.8634222919937206,0.8933843630399125,0.983879355174207,0.9953198127925117,0.7069693769799367,0.7663344407530454,0.33935950413223137,0.7860851505711319,63.332429702767854,90.44181947142967,73.6651908866491,1.0,71.43114469225738,ok,99.28020565552698,99.28020565552698,15.0,40.0,Other,concentration_guard_keyword_v1,False,6.0,research_candidate,True,15.0,0.0,unchanged,3635,,1658.0,554165665792.0,12.592087,14.589933,1.9785321,0.20599002,0.52886003,0.174,0.769,2.87,0.291,334237448.0,125776962.0,0.6098,0.17598,,,,,,1107005.0,615900.0,-0.92620254,1790663400.0
US,CMBT,CMBT,CMB.TECH NV Ordinary Shares,normal,screening,2026-09-29T15:06:57+00:00,missing,ok,yfinance,ok,yfinance,ok,data/screening_latest.csv,CMBT,CMBT,CMB.TECH NV Ordinary Shares,US,NYSE,Nasdaq Trader,CMBT,NYSE,CMBT,CMB.TECH NV,18.775,374227.0,1075859.2,5447937564.785546,6.571630802347125,1.7474724389062044,3.16881316098707,37.4127454373586,1.7470911510884,36.5023353759467,30.1440645738374,37.1426563806956,92.48344766009937,112.31711710403222,1.0495156081808412,34.20300214438883,51.655896607431316,90.0303643724696,2.413175982650267,1.0306523,CMBT,NYSE:CMBT,NYSE,20199256.479999997,ok,7,ok,2026-09-29T15:06:02.606610+00:00,,TradingView scanner close; exact exchange timestamp unavailable,TradingView scanner (unofficial/undocumented),TradingView scanner (unofficial/undocumented),True,0.81413087113609,0.9333600963468487,0.8936170212765957,0.9377759935768768,0.6093970558580359,0.7812123645122441,1.0306523,0.4649246231155779,89.47209955841029,62.3068493813911,60.939705585803594,78.40092791826449,0.15216923014647138,0.9464928057553957,0.8448225286007627,0.9232010325911585,0.48975859546452083,0.8072983354673495,0.9433237271853987,0.9492517891997397,0.9110512129380054,0.6149009745363093,0.17617711256626134,80.20721029641558,66.79517606549376,93.01515010688726,1.0,78.12046895282501,ok,99.20797887943678,99.20797887943678,28.0,44.0,Other,concentration_guard_keyword_v1,False,8.0,research_candidate,True,28.0,0.0,unchanged,CMBT,,18.825,5462446080.0,6.3597975,12.197652,1.7501861,0.29594,0.37151,0.815,30.397,4.2,0.166,290169769.0,111175645.0,0.56571,0.17365,1179760,1065148,0.0106,1.03,1789430400,992255.0,411664.0,-1.1810944,1790694396.0
US,LPG,LPG,Dorian LPG Ltd. Common Stock,normal,screening,2026-09-29T15:06:57+00:00,missing,ok,yfinance,ok,yfinance,ok,data/screening_latest.csv,LPG,LPG,Dorian LPG Ltd. Common Stock,US,NYSE,Nasdaq Trader,LPG,NYSE,LPG,Dorian LPG Ltd.,53.94,90124.0,574077.3333333334,2307697812.981236,7.157358385414593,1.8662855209251294,0.0,28.34202271141,0.522626703958592,60.4981674109806,52.0196533903233,55.0030051738041,81.05922022373736,555.6725247955454,9.345226028785728,54.37893531768747,62.12804328223623,74.16855020988054,3.5615918685007535,0.4795667,LPG,NYSE:LPG,NYSE,30965731.36,ok,7,ok,2026-09-29T15:06:02.606610+00:00,,TradingView scanner close; exact exchange timestamp unavailable,TradingView scanner (unofficial/undocumented),TradingView scanner (unofficial/undocumented),True,0.9140907266158169,0.9660778803693296,0.9134885588117222,0.9175030108390205,0.6656583988707401,0.5644319550381374,0.4795667,0.7137688442211055,92.77900441589723,63.91003996296214,66.565839887074,81.62978862333998,0.13971635150166853,0.9366007194244604,0.2687004986799648,0.877379799935463,0.7553035844915874,0.9526248399487837,0.9795068844060199,0.940793754066363,0.9787735849056604,0.5875510845646024,0.5116931711880262,59.76174342230092,81.53016559939759,95.97836694860116,1.0,78.02200730197377,ok,99.17864476386036,99.17864476386036,29.0,45.0,Other,concentration_guard_keyword_v1,False,9.0,research_candidate,True,29.0,0.0,unchanged,LPG,,54.13,2315826432.0,7.179045,11.56624,1.8728808,0.28342,0.55605,1.24,12.635,6.16,0.762,42782681.0,36815780.0,0.14047,0.7479,2120875,1997231,0.0672,3.79,1789430400,614292.0,96194.0,-0.42310438,1790694414.0
JP,2121,2121.T,"MIXI,Inc.",normal,screening,2026-09-29T15:06:57+00:00,missing,ok,yfinance,ok,yfinance,ok,data/screening_latest.csv,2121.T,2121,"MIXI,Inc.",JP,Prime Market (Domestic),JPX,2121,TSE,2121,MIXI Inc.,3715.0,233500.0,368803.3333333333,239133793449.0,11.399275662715224,1.2818199245474902,3.15374507227332,11.8686288035564,0.23450260476011303,66.0718580154875,13.3647571866032,11.5856754257986,19.884292331644062,34.88794171015336,3.0513176144244105,37.84786641929499,44.271844660194176,17.19242902208202,2.24765342369341,0.10447695,2121,TSE:2121,TSE,1370104383.3333333,ok,7,ok,2026-09-29T15:06:02.606610+00:00,,TradingView scanner close; exact exchange timestamp unavailable,TradingView scanner (unofficial/undocumented),TradingView scanner (unofficial/undocumented),True,0.8198589256646771,0.9536082474226805,0.9405860010851872,0.6999457406402605,0.8548562126966902,0.34753119913185027,0.10447695,0.9036896364622897,85.34997287032013,62.561041779707004,85.48562126966902,79.67308735756919,0.08772487213997308,0.712521055586749,0.706426735218509,0.6064887493458923,0.9026790595954073,0.7285491419656787,0.7587103484139366,0.8294614572333685,0.6428571428571429,0.5516528925619835,0.5166147455867083,65.68668944557471,70.26084089815245,73.61593000452558,1.0,70.89672078434099,ok,99.17737789203085,99.17737789203085,17.0,46.0,Other,concentration_guard_keyword_v1,False,7.0,research_candidate,True,17.0,0.0,unchanged,2121,,3715.0,242624217088.0,14.346398,19.187067,1.2818469,0.109239995,0.11587,0.503,3.286,4.99,0.349,65309346.0,26728149.0,0.55367,0.12055001,,,,,,385996.0,233500.0,-0.80106807,1790663400.0
JP,4763,4763.T,"CREEK & RIVER Co.,Ltd.",normal,screening,2026-09-29T15:06:57+00:00,missing,ok,yfinance,ok,yfinance,ok,data/screening_latest.csv,4763.T,4763,"CREEK & RIVER Co.,Ltd.",JP,Prime Market (Domestic),JPX,4763,TSE,4763,"CREEK & RIVER Co., Ltd.",1520.0,58100.0,39300.0,33637574306.000004,6.930209146417082,1.6499399839758262,3.31345261762757,26.2893990668378,0.5908485154162311,37.2822261619999,8.82138296538717,7.19601127468443,26.002348739951287,101.96393317028611,-0.6535947712418301,16.207951070336392,5.702364394993046,-0.1314060446780552,1.299286503126669,0.16561176,4763,TSE:4763,TSE,59736000.0,ok,7,ok,2026-09-29T15:06:02.606610+00:00,,TradingView scanner close; exact exchange timestamp unavailable,TradingView scanner (unofficial/undocumented),TradingView scanner (unofficial/undocumented),True,0.588171459576777,0.817688551275095,0.6207270754205101,0.44438415626695604,0.48426478567552905,0.7254476397178513,0.16561176,0.8402061855670103,61.77428106348346,78.28269126424307,48.426478567552905,63.89921323928378,0.1442957894736842,0.9359910162829871,0.7367609254498715,0.9225536368393511,0.6342263531984691,0.5273010920436817,0.5413416536661466,0.9007391763463569,0.8809523809523809,0.4142561983471075,0.30062305295950154,69.56693800266555,58.520915774143,89.08457786493689,1.0,70.84742486634849,ok,99.12596401028277,99.12596401028277,18.0,48.0,Other,concentration_guard_keyword_v1,False,8.0,research_candidate,True,18.0,0.0,unchanged,4763,,1520.0,32186351616.0,7.9798408,10.109743,1.6499394,0.26388,0.07147,0.231,0.627,3.31,0.174,21175231.0,8822448.0,0.51054,0.13748999,,,,,,50176.0,58100.0,0.72895956,1790663400.0
US,HTGC,HTGC,"Hercules Capital, Inc. Common Stock",normal,screening,2026-09-29T15:06:57+00:00,missing,ok,yfinance,ok,yfinance,ok,data/screening_latest.csv,HTGC,HTGC,"Hercules Capital, Inc. Common Stock",US,NYSE,Nasdaq Trader,HTGC,NYSE,HTGC,"Hercules Capital, Inc.",17.06,373297.0,1381300.4666666666,3193017835.9645176,8.568988899492691,1.4043429263839484,9.46185688941455,17.1598757627833,1.03330695193749,97.9921191988077,82.6554785423897,64.1577309240341,44.00340653324412,32.06633499170811,-2.5699600228441053,7.363121460037748,19.050942079553376,-11.006781429316655,1.7489955797009527,0.9500463,HTGC,NYSE:HTGC,NYSE,23564985.96133333,ok,7,ok,2026-09-29T15:06:02.606610+00:00,,TradingView scanner close; exact exchange timestamp unavailable,TradingView scanner (unofficial/undocumented),TradingView scanner (unofficial/undocumented),True,0.6796467282215978,0.7786029706945002,0.7304295463669209,0.46226415094339623,0.6299657188949385,0.9183059012444801,0.9500463,0.4970854271356784,66.27358490566037,70.76956641900793,62.99657188949384,66.90602833157229,0.11669988276670576,0.9019784172661871,0.9735992959812262,0.749596644078735,0.9882955376737381,0.9916773367477593,0.9859109830291386,0.8945998698763825,0.6617250673854448,0.7098396730587866,0.3096351730589336,86.18057954354,80.5023134917661,77.81624686309137,1.0,77.79044533014505,ok,99.09064241713112,99.09064241713112,32.0,50.0,Other,concentration_guard_keyword_v1,False,10.0,research_candidate,True,32.0,0.0,unchanged,HTGC,,17.07,3194889472.0,8.450495,8.678102,1.3858894,0.17318001,0.67682,0.085,0.547,11.12,0.747,187164000.0,171477204.0,0.01966,0.36435002,9402604,10731157,0.0512,6.14,1789430400,1491036.0,421436.0,0.9461848,1790694406.0
JP,5351,5351.T,"SHINAGAWA REFRA CO.,LTD.",normal,screening,2026-09-29T15:06:57+00:00,missing,ok,yfinance,ok,yfinance,ok,data/screening_latest.csv,5351.T,5351,"SHINAGAWA REFRA CO.,LTD.",JP,Prime Market (Domestic),JPX,5351,TSE,5351,"SHINAGAWA REFRA CO., LTD",2013.0,178900.0,102286.66666666667,97949652779.0,3.1682596103087897,0.8338277756689303,4.32484382508409,29.2953533842944,0.45664724143565205,22.9531016542873,6.69454267932195,15.5819028065914,25.318749115988982,236.0460399205165,-3.6381043561512687,4.408713692946058,-5.625879043600563,6.226912928759894,1.249034047878951,0.6381981,5351,TSE:5351,TSE,205903060.0,ok,7,ok,2026-09-29T15:06:02.606610+00:00,,TradingView scanner close; exact exchange timestamp unavailable,TradingView scanner (unofficial/undocumented),TradingView scanner (unofficial/undocumented),True,0.32637004883342374,0.5211611502984265,0.3133478024959305,0.5621269669017905,0.6413456321215409,0.7531199131850244,0.6381981,0.39310906131307655,43.07514921323928,57.31144872490505,64.13456321215409,49.79313619099294,0.3156307004470939,0.9898933183604717,0.8930591259640103,0.9419152276295133,0.3214871514488792,0.3926157046281851,0.8507540301612064,0.895987328405491,0.9501661129568106,0.815599173553719,0.3556593977154725,89.95172059594005,57.24863023166513,92.30767206811508,1.0,70.31961181124596,ok,99.0745501285347,99.0745501285347,19.0,51.0,Other,concentration_guard_keyword_v1,False,9.0,research_candidate,True,19.0,0.0,unchanged,5351,,2013.0,91859468288.0,3.5224948,8.628375,0.83383524,0.27201,0.15582,0.218,1.661,4.61,0.54,45633120.0,25431794.0,0.40639,0.20432,,,,,,112233.0,178900.0,-1.0324484,1790663400.0
US,LTC,LTC,"LTC Properties, Inc. Common Stock",normal,screening,2026-09-29T15:06:57+00:00,missing,ok,yfinance,ok,yfinance,ok,data/screening_latest.csv,LTC,LTC,"LTC Properties, Inc. Common Stock",US,NYSE,Nasdaq Trader,LTC,NYSE,LTC,"LTC Properties, Inc.",43.025,111830.0,570975.0333333333,2319286871.369807,15.768737401502657,1.8283038864152665,5.29125087027152,12.1054076187421,0.614479770699914,58.6329073381929,36.1690749833424,38.5303024670352,59.93916941090377,49.580615097856466,5.479284138269183,11.089594629486191,13.973509933774832,17.909016168813363,2.0978864226913556,0.104250096,LTC,NYSE:LTC,NYSE,24566200.809166666,ok,7,ok,2026-09-29T15:06:02.606610+00:00,,TradingView scanner close; exact exchange timestamp unavailable,TradingView scanner (unofficial/undocumented),TradingView scanner (unofficial/undocumented),True,0.8795664391810518,0.8199518265756724,0.6752308309915697,0.7189883580891209,0.6358136721113128,0.844038538739462,0.104250096,0.9256281407035176,77.34343637093536,88.48333397214898,63.58136721113128,78.06410039726816,0.06341661824520628,0.6335431654676259,0.935171604576122,0.6214908034849952,0.7351865398683248,0.8572343149807938,0.9490874159462056,0.9206245933636955,0.748989218328841,0.5966677145551713,0.470533208606174,72.17941615329731,72.67064565772986,83.48069058462683,1.0,77.78266912114482,ok,99.0613083015547,99.0613083015547,33.0,52.0,Other,concentration_guard_keyword_v1,False,11.0,research_candidate,True,34.0,1.0,unchanged,LTC,,42.945,2314974464.0,15.337501,27.266666,2.1875,0.11806,0.39846,0.655,0.75,5.29,0.577,53905563.0,52758992.0,0.02094,0.83828,2787783,2328976,0.062,5.15,1789430400,569303.0,125899.0,-0.33650604,1790694351.0
JP,3989,3989.T,SHARINGTECHNOLOGY.INC,normal,screening,2026-09-29T15:06:57+00:00,missing,ok,yfinance,ok,yfinance,ok,data/screening_latest.csv,3989.T,3989,SHARINGTECHNOLOGY.INC,JP,Growth Market(Domestic),JPX,3989,TSE,3989,SHARINGTECHNOLOGY. INC,1546.0,229700.0,486340.0,37428980000.0,14.915408601154642,6.557483297292625,4.36610608020699,48.5011340657572,0.0539042095233234,90.2873911592666,21.4182916827878,26.6937270590264,13.602586380872081,72.35902143113701,-1.5286624203821657,15.54559043348281,24.576954069298953,50.242954324586975,1.2891295267868847,0.6331179,3989,TSE:3989,TSE,751881640.0,ok,7,ok,2026-09-29T15:06:02.606610+00:00,,TradingView scanner close; exact exchange timestamp unavailable,TradingView scanner (unofficial/undocumented),TradingView scanner (unofficial/undocumented),True,0.5094953879544222,0.8087357569180683,0.8562126966901791,0.8743895822029301,0.8046663049376017,0.7327726532826913,0.6331179,0.3969072164948454,76.22083559413998,56.48399348887683,80.46663049376018,71.92349430276721,0.06704476067270375,0.49298147108366086,0.8982005141388175,0.989010989010989,0.9863313285948606,0.8798751950078003,0.9568382735309412,0.7159450897571278,0.8233665559246954,0.05526859504132231,0.7528556593977155,48.21501934212669,91.29822891084613,76.96558228409116,1.0,70.17715288251397,ok,99.02313624678663,99.02313624678663,20.0,54.0,Other,concentration_guard_keyword_v1,False,10.0,research_candidate,True,20.0,0.0,unchanged,3989,,1546.0,36997738496.0,25.0,25.596025,6.5575438,0.48094,0.26695,0.109,2.754,4.37,-0.162,23931269.0,21445767.0,0.11089,0.67644,,,,,,382063.0,229700.0,0.0,1790663400.0
US,ACNB,ACNB,ACNB Corporation - Common Stock,normal,screening,2026-09-29T15:06:57+00:00,missing,ok,yfinance,ok,yfinance,ok,data/screening_latest.csv,ACNB,ACNB,ACNB Corporation - Common Stock,US,NASDAQ,Nasdaq Trader,ACNB,NASDAQ,ACNB,ACNB Corporation,62.94,7250.0,76407.5,640095365.9078822,11.933563384020324,1.5122304702666753,2.40582462804685,13.3406644428968,0.7733929630338381,,42.9819885708619,33.836198881878246,24.94951691571655,95.53627701775854,-2.87037037037037,5.923931336250414,32.616940581542345,40.710932260228034,2.3506136769217068,0.25772518,ACNB,NASDAQ:ACNB,NASDAQ,4809088.05,ok,7,ok,2026-09-29T15:06:02.606610+00:00,,TradingView scanner close; exact exchange timestamp unavailable,TradingView scanner (unofficial/undocumented),TradingView scanner (unofficial/undocumented),True,0.6676033721397029,0.7613408269771176,0.8221597751906865,0.83701324769169,0.43032869530147205,0.7950622240064231,0.25772518,0.8355778894472362,77.20293054997992,81.53200567268297,43.0328695301472,73.15969017768077,0.08379726723863998,0.7801258992805755,0.7776474039307715,0.6637625040335592,,0.9145326504481434,0.9234710214537304,0.8038386467143787,0.8867924528301887,0.6733731530965106,0.4009978172747116,74.37154854359525,72.56909983025362,84.53155497722837,1.0,77.45171352230734,ok,98.94397183924904,98.94397183924904,37.0,58.0,Other,concentration_guard_keyword_v1,False,12.0,research_candidate,True,38.0,1.0,unchanged,ACNB,,62.94,642746048.0,11.897921,11.056653,1.5122174,0.13340999,0.33911,0.053,0.342,2.53,0.859,10212044.0,9758251.0,0.03925,0.41374,431401,335284,0.044099998,5.47,1789430400,72123.0,7541.0,-0.3798697,1790690427.0
JP,1965,1965.T,TECHNO RYOWA LTD.,normal,screening,2026-09-29T15:06:57+00:00,missing,ok,yfinance,ok,yfinance,ok,data/screening_latest.csv,1965.T,1965,TECHNO RYOWA LTD.,JP,Standard Market(Domestic),JPX,1965,TSE,1965,Techno Ryowa Ltd.,2326.0,155700.0,209590.00204400002,48871421878.0,3.926919454931424,0.7057834661484206,6.9958916831852,20.1017223442377,0.0125763830322399,25.8043022087854,16.1665987091385,12.1060535240122,13.63846979714076,49.43443808487757,0.11477861951221224,21.567945466550544,3.6849936074294303,49.74249076781117,3.3138038542718964,1.4372847,1965,TSE:1965,TSE,487506344.75434405,ok,7,ok,2026-09-29T15:06:02.606610+00:00,,TradingView scanner close; exact exchange timestamp unavailable,TradingView scanner (unofficial/undocumented),TradingView scanner (unofficial/undocumented),True,0.6576234400434074,0.8792729245794899,0.5775908844275638,0.8741182854042322,0.7631578947368421,0.14704286489419427,1.4372847,0.08654367878459035,74.71513836136734,11.67932718393923,76.31578947368422,59.196283233857834,0.2546525365434222,0.9859629421673217,0.9830334190231362,0.8524332810047096,0.39311098961180974,0.7945917836713469,0.7732709308372335,0.7164730728616684,0.7336655592469546,0.8837809917355371,0.8598130841121495,95.0925784308665,73.46440138474499,72.50693160543116,1.0,69.59980110678508,ok,98.92030848329048,98.92030848329048,22.0,59.0,Other,concentration_guard_keyword_v1,False,11.0,research_candidate,True,22.0,0.0,unchanged,1965,,2326.0,143073640448.0,12.224733,,2.117402,0.20162001,0.121070005,0.091,0.253,2.47,0.478,61510590.0,44767940.0,0.29192,0.30589,,,,,,221440.0,155700.0,-3.1236985,1790663400.0
JP,6379,6379.T,RAIZNEXT Corporation,normal,screening,2026-09-29T15:06:57+00:00,missing,ok,yfinance,ok,yfinance,ok,data/screening_latest.csv,6379.T,6379,RAIZNEXT Corporation,JP,Prime Market (Domestic),JPX,6379,TSE,6379,RAIZNEXT Corporation,960.0,1156900.0,660093.3395486333,54618819167.0,4.876316796016049,0.5869665615788637,11.6033176761272,12.4782853655101,0.06484773010302279,14.1488187735063,8.401459360854,5.9855189964642,13.444428121586839,49.91227762912018,-7.096773264516125,27.886324547069286,21.930568535139727,51.89873569620255,2.114760504275965,0.3970576,6379,TSE:6379,TSE,633689605.966688,ok,7,ok,2026-09-29T15:06:02.606610+00:00,,TradingView scanner close; exact exchange timestamp unavailable,TradingView scanner (unofficial/undocumented),TradingView scanner (unofficial/undocumented),True,0.12723819858925664,0.9175257731958762,0.8388497015735215,0.8798155181768855,0.7905588714053174,0.39202387411828543,0.3970576,0.5979381443298969,69.08572978838849,49.498100922409115,79.05588714053174,65.68434617471513,0.2050728125,0.9752947782144863,0.996401028277635,0.6373626373626373,0.11044286495352652,0.5065002600104004,0.45709828393135726,0.7122492080253432,0.7369878183831672,0.9364669421487604,0.7346832814122534,96.93875828802939,48.9217465534035,72.46185132042552,1.0,68.74507108106296,ok,98.86889460154241,98.86889460154241,23.0,62.0,Other,concentration_guard_keyword_v1,False,12.0,research_candidate,True,23.0,0.0,unchanged,6379,,960.0,155402928128.0,14.8768015,7.0901036,0.5869732,0.12654,0.059860002,0.086,0.32,7.74,0.497,161878056.0,105230525.0,0.5814,0.15328,,,,,,596790.0,1156900.0,-2.9322548,1790663400.0
JP,2726,2726.T,パルグループホールディングス,normal,watchlist,2026-09-29T15:06:57+00:00,missing,ok,yfinance,ok,yfinance,ok,data/screening_latest.csv,,,,,,,,,,,,,,,,,,,,,,,,,,,,,,,,,,,,,,,,,,,,,,,,,,,,,,,,,,,,,,,,,,,,,,,,,,,,,,,,,,,,,,,,1414.0,244673626112.0,13.868184,7.279279,2.999792,0.22837,0.0754,0.045,0.034,2.82,0.557,173036506.0,99020070.0,0.41304,0.28959,,,,,,854765.0,698100.0,-0.42253524,1790663400.0
JP,215A,215A.T,タイミー,normal,watchlist,2026-09-29T15:06:57+00:00,missing,ok,yfinance,ok,yfinance,ok,data/screening_latest.csv,,,,,,,,,,,,,,,,,,,,,,,,,,,,,,,,,,,,,,,,,,,,,,,,,,,,,,,,,,,,,,,,,,,,,,,,,,,,,,,,,,,,,,,,1333.0,132947820544.0,70.12099,25.703817,7.800248,,0.11611,,,,0.062,99735797.0,59017661.0,0.29631,0.37717,,,,,,1882420.0,1451000.0,-0.29917726,1790663400.0
