market,code,ticker,name,priority,source
JP,3635,3635.T,コーエーテクモホールディングス,high,watchlist
JP,4063,4063.T,信越化学工業,high,watchlist
JP,9433,9433.T,KDDI,high,watchlist
JP,6701,6701.T,NEC,high,watchlist
JP,6965,6965.T,浜松ホトニクス,high,watchlist
JP,5032,5032.T,ANYCOLOR,high,watchlist
JP,2585,2585.T,ライフドリンク カンパニー,high,watchlist
JP,8766,8766.T,東京海上ホールディングス,high,watchlist
JP,3099,3099.T,三越伊勢丹ホールディングス,high,watchlist
JP,8377,8377.T,ほくほくフィナンシャルグループ,high,watchlist
JP,8622,8622.T,水戸証券,high,watchlist
JP,3563,3563.T,FOOD & LIFE COMPANIES,high,watchlist
US,CARE,CARE,"Carter Bankshares, Inc. - Common Stock",normal,screening
JP,3932,3932.T,Akatsuki Inc.,normal,screening
US,STNG,STNG,Scorpio Tankers Inc. Common Shares,normal,screening
US,INSW,INSW,"International Seaways, Inc. Common Stock ",normal,screening
JP,8707,8707.T,"IwaiCosmo Holdings,Inc.",normal,screening
US,NWFL,NWFL,Norwood Financial Corp. - Common Stock,normal,screening
JP,8616,8616.T,"Tokai Tokyo Financial Holdings,Inc.",normal,screening
US,TEN,TEN,Tsakos Energy Navigation Ltd Common Shares,normal,screening
US,BUSE,BUSE,First Busey Corporation - Common Stock,normal,screening
JP,6750,6750.T,"ELECOM CO.,LTD.",normal,screening
US,TRMD,TRMD,TORM plc - Class A Common Stock,normal,screening
US,FRO,FRO,Frontline Plc Ordinary Shares,normal,screening
JP,4763,4763.T,"CREEK & RIVER Co.,Ltd.",normal,screening
US,WSBC,WSBC,"WesBanco, Inc. - Common Stock",normal,screening
JP,2121,2121.T,"MIXI,Inc.",normal,screening
JP,8789,8789.T,FinTech Global Incorporated,normal,screening
JP,5351,5351.T,"SHINAGAWA REFRA CO.,LTD.",normal,screening
US,CMBT,CMBT,CMB.TECH NV Ordinary Shares,normal,screening
JP,3989,3989.T,SHARINGTECHNOLOGY INC.,normal,screening
US,LTC,LTC,"LTC Properties, Inc. Common Stock",normal,screening
JP,8739,8739.T,"SPARX Group Co.,Ltd.",normal,screening
US,ACNB,ACNB,ACNB Corporation - Common Stock,normal,screening
US,LPG,LPG,Dorian LPG Ltd. Common Stock,normal,screening
JP,7172,7172.T,"Japan Investment Adviser Co.,Ltd.",normal,screening
JP,2914,2914.T,JAPAN TOBACCO INC.,normal,screening
US,MU,MU,"Micron Technology, Inc. - Common Stock",normal,screening
JP,6191,6191.T,AirTrip Corp.,normal,screening
US,HCI,HCI,"HCI Group, Inc. Common Stock",normal,screening
JP,2726,2726.T,パルグループホールディングス,normal,watchlist
JP,215A,215A.T,タイミー,normal,watchlist
JP,4996,4996.T,クミアイ化学工業,normal,watchlist
JP,3678,3678.T,メディアドゥ,normal,watchlist
JP,9553,9553.T,マイクロアド,normal,watchlist
JP,5706,5706.T,三井金属,normal,watchlist
JP,6976,6976.T,太陽誘電,normal,watchlist
JP,2802,2802.T,味の素,normal,watchlist
JP,7564,7564.T,ワークマン,normal,watchlist
JP,8737,8737.T,あかつき本社,low,watchlist
JP,6561,6561.T,HANATOUR JAPAN,low,watchlist
JP,409A,409A.T,オリオンビール,low,watchlist
