code,ticker,name,source,document_id,filed_date,status,net_sales_jpy,operating_income_jpy,net_income_jpy,operating_cash_flow_jpy,assets_jpy,liabilities_jpy
3635,3635.T,コーエーテクモホールディングス,watchlist,S100YEES,2026-06-19,complete,1,1,1,1,1,1
4063,4063.T,信越化学工業,watchlist,S100YE9I,2026-06-19,complete,1,1,1,1,1,1
9433,9433.T,KDDI,watchlist,,,missing,0,0,0,0,0,0
6701,6701.T,NEC,watchlist,,,missing,0,0,0,0,0,0
6965,6965.T,浜松ホトニクス,watchlist,,,missing,0,0,0,0,0,0
5032,5032.T,ANYCOLOR,watchlist,,,missing,0,0,0,0,0,0
2585,2585.T,ライフドリンク カンパニー,watchlist,,,missing,0,0,0,0,0,0
8766,8766.T,東京海上ホールディングス,watchlist,,,missing,0,0,0,0,0,0
3099,3099.T,三越伊勢丹ホールディングス,watchlist,,,missing,0,0,0,0,0,0
8377,8377.T,ほくほくフィナンシャルグループ,watchlist,,,missing,0,0,0,0,0,0
8622,8622.T,水戸証券,watchlist,,,missing,0,0,0,0,0,0
3563,3563.T,FOOD & LIFE COMPANIES,watchlist,,,missing,0,0,0,0,0,0
8707,8707.T,"IwaiCosmo Holdings,Inc.",screening,,,missing,0,0,0,0,0,0
3932,3932.T,Akatsuki Inc.,screening,,,missing,0,0,0,0,0,0
8616,8616.T,"Tokai Tokyo Financial Holdings,Inc.",screening,,,missing,0,0,0,0,0,0
6750,6750.T,"ELECOM CO.,LTD.",screening,S100YK25,2026-06-25,complete,1,1,1,1,1,1
4763,4763.T,"CREEK & RIVER Co.,Ltd.",screening,,,missing,0,0,0,0,0,0
2121,2121.T,"MIXI,Inc.",screening,S100YE1D,2026-06-19,complete,1,1,1,1,1,1
8789,8789.T,FinTech Global Incorporated,screening,,,missing,0,0,0,0,0,0
5351,5351.T,"SHINAGAWA REFRA CO.,LTD.",screening,,,missing,0,0,0,0,0,0
8739,8739.T,"SPARX Group Co.,Ltd.",screening,,,missing,0,0,0,0,0,0
545A,545A.T,"Toranvia Co.,Ltd.",screening,,,missing,0,0,0,0,0,0
8473,8473.T,"SBI Holdings,Inc.",screening,,,missing,0,0,0,0,0,0
7172,7172.T,"Japan Investment Adviser Co.,Ltd.",screening,,,missing,0,0,0,0,0,0
4477,4477.T,"BASE,Inc.",screening,,,missing,0,0,0,0,0,0
2726,2726.T,パルグループホールディングス,watchlist,,,missing,0,0,0,0,0,0
215A,215A.T,タイミー,watchlist,,,missing,0,0,0,0,0,0
4996,4996.T,クミアイ化学工業,watchlist,,,missing,0,0,0,0,0,0
3678,3678.T,メディアドゥ,watchlist,,,missing,0,0,0,0,0,0
9553,9553.T,マイクロアド,watchlist,,,missing,0,0,0,0,0,0
5706,5706.T,三井金属,watchlist,,,missing,0,0,0,0,0,0
6976,6976.T,太陽誘電,watchlist,,,missing,0,0,0,0,0,0
2802,2802.T,味の素,watchlist,,,missing,0,0,0,0,0,0
7564,7564.T,ワークマン,watchlist,,,missing,0,0,0,0,0,0
8737,8737.T,あかつき本社,watchlist,,,missing,0,0,0,0,0,0
6561,6561.T,HANATOUR JAPAN,watchlist,,,missing,0,0,0,0,0,0
409A,409A.T,オリオンビール,watchlist,,,missing,0,0,0,0,0,0
