observed_date,generated_at_utc,market,code,ticker,name,target_source,data_status,confidence,free_float_ratio,free_float_shares,shares_outstanding,float_market_cap,current_price,avg_volume_30d,current_volume,avg_turnover_30d,current_turnover,one_day_capacity_at_participation_rate,current_volume_ratio_30d,avg_daily_float_turnover_ratio,current_float_turnover_ratio,short_percent_float,shares_short,shares_short_prior_month,short_interest_change_ratio,days_to_cover,held_percent_insiders,held_percent_institutions,daily_change_pct,free_float_source,free_float_source_tier,liquidity_source,short_source,source_url,source_retrieved_at,short_interest_as_of,price_as_of,context_flags,data_quality_flags
2026-10-02,2026-10-01T16:21:57+00:00,JP,4063,4063.T,信越化学工業,watchlist,partial,0.35,,1858411572.0,1815064711.0,,6027.0,7251400.0,7187200.0,43704187800.0,43317254400.0,4370418780.0,0.9911465372203988,0.0039019343773220973,0.00386738874654403,,,,,,0.0078,0.56106,0.013793104,,missing,Yahoo Finance via yfinance,,https://finance.yahoo.com/quote/4063.T,2026-10-01T16:21:49+00:00,,2026-10-01T06:30:00+00:00,NO_EXCEPTION,INVALID_FREE_FLOAT_RATIO
2026-10-02,2026-10-01T16:21:57+00:00,JP,9433,9433.T,KDDI,watchlist,ok,0.7,0.8086762421485112,2988837250.0,3695962728.0,8760282151014.689,2931.0,8830341.0,9417900.0,25881729471.0,27603864900.0,2588172947.1000004,1.0665386534902785,0.0029544402258771365,0.003151024700324516,,,,,,0.21152,0.37637,0.0010245901,Yahoo Finance via yfinance,secondary,Yahoo Finance via yfinance,,https://finance.yahoo.com/quote/9433.T,2026-10-01T16:21:49+00:00,,2026-10-01T06:30:00+00:00,NO_EXCEPTION,
2026-10-02,2026-10-01T16:21:57+00:00,JP,6701,6701.T,NEC,watchlist,ok,0.7,0.9506786767523828,1260926975.0,1326344017.0,6077668439787.4375,4820.0,6659926.0,3796900.0,32100843320.0,18301058000.0,3210084332.0,0.5701114396766571,0.005281769786866524,0.0030111973772311436,,,,,,0.04961,0.55374,0.012817819,Yahoo Finance via yfinance,secondary,Yahoo Finance via yfinance,,https://finance.yahoo.com/quote/6701.T,2026-10-01T16:21:49+00:00,,2026-10-01T06:30:00+00:00,NO_EXCEPTION,
2026-10-02,2026-10-01T16:21:57+00:00,JP,6965,6965.T,浜松ホトニクス,watchlist,ok,0.7,0.9695962600852256,279958167.0,288736847.0,673019418113.4736,2404.0,2731750.0,2967000.0,6567127000.0,7132668000.0,656712700.0,1.08611695799396,0.009757707836399714,0.010598011952264282,,,,,,0.028299998,0.43323,0.021891606,Yahoo Finance via yfinance,secondary,Yahoo Finance via yfinance,,https://finance.yahoo.com/quote/6965.T,2026-10-01T16:21:49+00:00,,2026-10-01T06:30:00+00:00,NO_EXCEPTION,
2026-10-02,2026-10-01T16:21:57+00:00,US,CARE,CARE,"Carter Bankshares, Inc. - Common Stock",screening,ok,0.7,0.9167669770731056,21235927.0,23163931.0,637927299.1156937,30.04,342180.0,84249.0,7940190.096500001,2530839.96,794019.0096500001,0.24621251972645974,0.016113259383496656,0.003967286193816733,0.0992,2246037.0,2072878.0,0.08353554816057684,8.75,0.022780001,0.67117995,0.005018452,Yahoo Finance via yfinance,secondary,Yahoo Finance via yfinance,Yahoo Finance via yfinance,https://finance.yahoo.com/quote/CARE,2026-10-01T16:21:49+00:00,2026-09-15T00:00:00+00:00,2026-10-01T16:19:36+00:00,SHORT_CROWDING,
2026-10-02,2026-10-01T16:21:57+00:00,JP,8622,8622.T,"Mito Securities Co.,Ltd.",screening,ok,0.7,0.7781399936125979,46870633.0,60234191.0,42042958137.934616,897.0,381625.0,270400.0,370990230.0,242548800.0,37099023.0,0.7085489682279725,0.008142091872324404,0.005769070795352817,,,,,,0.19357,0.20897,-0.0033333333999999997,Yahoo Finance via yfinance,secondary,Yahoo Finance via yfinance,,https://finance.yahoo.com/quote/8622.T,2026-10-01T16:21:49+00:00,,2026-10-01T06:30:00+00:00,NO_EXCEPTION,
2026-10-02,2026-10-01T16:21:57+00:00,US,STNG,STNG,Scorpio Tankers Inc. Common Shares,screening,ok,0.7,0.7647347459789025,38298950.0,50081352.0,3253495725.720631,84.95,830695.0,579804.0,76077447.73200001,49254349.800000004,7607744.773200002,0.6979745875441649,0.021689759118722576,0.015138900674822677,0.0513,2416056.0,2653677.0,-0.08954405528630649,3.26,0.16722,0.75018,0.01493429,Yahoo Finance via yfinance,secondary,Yahoo Finance via yfinance,Yahoo Finance via yfinance,https://finance.yahoo.com/quote/STNG,2026-10-01T16:21:49+00:00,2026-09-15T00:00:00+00:00,2026-10-01T16:21:35+00:00,HIGH_FLOAT_TURNOVER,
2026-10-02,2026-10-01T16:21:57+00:00,JP,8707,8707.T,"IwaiCosmo Holdings,Inc.",screening,ok,0.7,0.8149799957213514,19142841.0,23488725.0,89684202977.55945,4685.0,116015.0,81400.0,547036216.6666666,381359000.0,54703621.666666664,0.701633409472913,0.006060490185338738,0.004252242391816346,,,,,,0.17061001,0.16735001,-0.0031914893,Yahoo Finance via yfinance,secondary,Yahoo Finance via yfinance,,https://finance.yahoo.com/quote/8707.T,2026-10-01T16:21:49+00:00,,2026-10-01T06:30:00+00:00,NO_EXCEPTION,
2026-10-02,2026-10-01T16:21:57+00:00,US,INSW,INSW,"International Seaways, Inc. Common Stock",screening,ok,0.7,0.8375399956605227,41484454.0,49531311.0,4704337315.263563,113.4,601080.0,205492.0,78737430.95166667,23302792.8,7873743.095166667,0.3418712983296733,0.0144892831420657,0.004953470039644249,0.078600004,2737167.0,2700802.0,0.013464519057672542,4.36,0.16228001,0.84719,0.029598713000000002,Yahoo Finance via yfinance,secondary,Yahoo Finance via yfinance,Yahoo Finance via yfinance,https://finance.yahoo.com/quote/INSW,2026-10-01T16:21:49+00:00,2026-09-15T00:00:00+00:00,2026-10-01T16:20:56+00:00,NO_EXCEPTION,
2026-10-02,2026-10-01T16:21:57+00:00,JP,8624,8624.T,"Ichiyoshi Securities Co.,Ltd.",screening,ok,0.7,0.717407194113338,23072126.0,32160433.0,38484304466.310135,1668.0,146956.0,156500.0,252179359.99999997,261042000.0,25217936.0,1.0649446092708021,0.006369417365352461,0.006783076687427938,,,,,,0.05889,0.28316998,0.0030066144,Yahoo Finance via yfinance,secondary,Yahoo Finance via yfinance,,https://finance.yahoo.com/quote/8624.T,2026-10-01T16:21:49+00:00,,2026-10-01T06:30:00+00:00,NO_EXCEPTION,
2026-10-02,2026-10-01T16:21:57+00:00,US,NWFL,NWFL,Norwood Financial Corp. - Common Stock,screening,ok,0.7,0.9029617667243865,9844156.0,10902074.0,324254697.32701206,32.9388,34652.0,8276.0,1032610.7061226665,272601.5088,103261.07061226666,0.23883181345954058,0.0035200579917668917,0.0008407018336564353,0.0165,165224.0,145110.0,0.13861208738198605,5.37,0.08091,0.42388,-0.003062957,Yahoo Finance via yfinance,secondary,Yahoo Finance via yfinance,Yahoo Finance via yfinance,https://finance.yahoo.com/quote/NWFL,2026-10-01T16:21:49+00:00,2026-09-15T00:00:00+00:00,2026-10-01T16:02:34+00:00,SHORT_CROWDING,
2026-10-02,2026-10-01T16:21:57+00:00,US,TEN,TEN,Tsakos Energy Navigation Ltd Common Shares,screening,ok,0.7,0.7150999367589914,21544247.0,30127603.0,1050282036.7806253,48.75,323165.0,170521.0,21537093.039,8312898.75,2153709.3039,0.5276592452771803,0.015000060108854118,0.007914920396150304,0.0108,286599.0,204453.0,0.40178427315813425,0.8,0.28069,0.34035,0.031746032,Yahoo Finance via yfinance,secondary,Yahoo Finance via yfinance,Yahoo Finance via yfinance,https://finance.yahoo.com/quote/TEN,2026-10-01T16:21:49+00:00,2026-09-15T00:00:00+00:00,2026-10-01T16:21:14+00:00,SHORT_INTEREST_RISING,
2026-10-02,2026-10-01T16:21:57+00:00,JP,3932,3932.T,Akatsuki Inc.,screening,ok,0.7,0.6627300026841709,23922437.0,36096807.0,30812099497.522644,1288.0,264491.0,285700.0,415092350.4696156,367981600.0,41509235.04696156,1.080187983712111,0.011056189634860361,0.011942763189218556,,,,,,0.29354,0.15264,0.036202736,Yahoo Finance via yfinance,secondary,Yahoo Finance via yfinance,,https://finance.yahoo.com/quote/3932.T,2026-10-01T16:21:49+00:00,,2026-10-01T06:30:00+00:00,NO_EXCEPTION,
2026-10-02,2026-10-01T16:21:57+00:00,US,BUSE,BUSE,First Busey Corporation - Common Stock,screening,ok,0.7,0.9634700024544378,79560420.0,82576956.0,2323959940.691483,29.21,775949.0,347429.0,20641879.912499998,10148401.09,2064187.99125,0.44774721019036046,0.009752952535946895,0.004366857289089223,0.0559,4473669.0,3582081.0,0.24890224425410823,7.59,0.04281,0.68921,0.0027463073,Yahoo Finance via yfinance,secondary,Yahoo Finance via yfinance,Yahoo Finance via yfinance,https://finance.yahoo.com/quote/BUSE,2026-10-01T16:21:49+00:00,2026-09-15T00:00:00+00:00,2026-10-01T16:20:46+00:00,SHORT_CROWDING|SHORT_INTEREST_RISING,
2026-10-02,2026-10-01T16:21:57+00:00,US,TRMD,TRMD,TORM plc - Class A Common Stock,screening,ok,0.7,0.7363167645579536,75583488.0,102650777.0,2903161708.864424,38.41,1039487.0,606127.0,63589653.53,23281338.069999997,6358965.353,0.5831020493762789,0.013752831835440037,0.008019304427972416,0.0242,1479173.0,1009197.0,0.46569302128325796,1.12,0.26677,0.37241,0.0094612515,Yahoo Finance via yfinance,secondary,Yahoo Finance via yfinance,Yahoo Finance via yfinance,https://finance.yahoo.com/quote/TRMD,2026-10-01T16:21:49+00:00,2026-09-15T00:00:00+00:00,2026-10-01T16:20:07+00:00,SHORT_INTEREST_RISING,
2026-10-02,2026-10-01T16:21:57+00:00,JP,6750,6750.T,"ELECOM CO.,LTD.",screening,ok,0.7,0.5780000013409716,46551319.0,80538614.0,93940560384.85599,2018.0,205336.0,181000.0,379760693.3333333,365258000.0,37976069.333333336,0.8814820586745626,0.0044109598699018605,0.003888181986851973,,,,,,0.35237998,0.18493,0.022289767000000002,Yahoo Finance via yfinance,secondary,Yahoo Finance via yfinance,,https://finance.yahoo.com/quote/6750.T,2026-10-01T16:21:49+00:00,,2026-10-01T06:30:00+00:00,NO_EXCEPTION,
2026-10-02,2026-10-01T16:21:57+00:00,US,FRO,FRO,Frontline Plc Ordinary Shares,screening,ok,0.7,0.6419799987412794,142919442.0,222622889.0,7258878898.0953045,50.79,2692517.0,1680911.0,173734821.2063333,85373469.69,17373482.12063333,0.6242898373529303,0.018839403249279407,0.01176124799031891,0.0761,10900802.0,9344857.0,0.16650281539888723,3.85,0.35786998,0.39180002,0.030850425,Yahoo Finance via yfinance,secondary,Yahoo Finance via yfinance,Yahoo Finance via yfinance,https://finance.yahoo.com/quote/FRO,2026-10-01T16:21:49+00:00,2026-09-15T00:00:00+00:00,2026-10-01T16:21:32+00:00,NO_EXCEPTION,
2026-10-02,2026-10-01T16:21:57+00:00,JP,2121,2121.T,"MIXI,Inc.",screening,ok,0.7,0.40925458050062236,26728149.0,65309346.0,99695991119.23094,3730.0,380326.0,351300.0,1401162066.6666667,1310349000.0,140116206.6666667,0.9236812629165505,0.014229417832114,0.013143446633734346,,,,,,0.55367,0.12045,0.014965987,Yahoo Finance via yfinance,secondary,Yahoo Finance via yfinance,,https://finance.yahoo.com/quote/2121.T,2026-10-01T16:21:49+00:00,,2026-10-01T06:30:00+00:00,NO_EXCEPTION,
2026-10-02,2026-10-01T16:21:57+00:00,JP,3635,3635.T,"KOEI TECMO HOLDINGS CO.,LTD.",screening,ok,0.7,0.37631020327800013,125776962.0,334237448.0,207972204531.0633,1653.5,1104935.0,743400.0,1434989975.0,1229211900.0,143498997.5,0.6727997574517958,0.008784875882119016,0.005910462362733805,,,,,,0.6098,0.17598,0.0057785887,Yahoo Finance via yfinance,secondary,Yahoo Finance via yfinance,,https://finance.yahoo.com/quote/3635.T,2026-10-01T16:21:49+00:00,,2026-10-01T06:30:00+00:00,NO_EXCEPTION,
2026-10-02,2026-10-01T16:21:57+00:00,JP,5351,5351.T,"SHINAGAWA REFRA CO.,LTD.",screening,ok,0.7,0.557309997650829,25431794.0,45633120.0,50939884362.86559,2003.0,113495.0,105800.0,202656863.33333334,211917400.0,20265686.333333336,0.9321996563725274,0.004462720954723052,0.004160146940479307,,,,,,0.40639,0.20429,-0.016691214,Yahoo Finance via yfinance,secondary,Yahoo Finance via yfinance,,https://finance.yahoo.com/quote/5351.T,2026-10-01T16:21:49+00:00,,2026-10-01T06:30:00+00:00,NO_EXCEPTION,
2026-10-02,2026-10-01T16:21:57+00:00,US,MRP,MRP,"Millrose Properties, Inc. Class A Common Stock",screening,ok,0.7,0.9927145255408554,153104491.0,154228116.0,4149801105.8142323,25.175,1351511.0,1373361.0,39827141.09066667,34574363.175000004,3982714.109066667,1.016167090019985,0.008827376592107935,0.008970089584112852,0.0589,7816747.0,6685006.0,0.16929543518734325,7.58,0.01128,0.94055,-0.030612249999999997,Yahoo Finance via yfinance,secondary,Yahoo Finance via yfinance,Yahoo Finance via yfinance,https://finance.yahoo.com/quote/MRP,2026-10-01T16:21:49+00:00,2026-09-15T00:00:00+00:00,2026-10-01T16:21:50+00:00,SHORT_CROWDING,
2026-10-02,2026-10-01T16:21:57+00:00,US,WSBC,WSBC,"WesBanco, Inc. - Common Stock",screening,ok,0.7,0.9637600043517661,92430260.0,95905889.0,3419919615.1812,37.0,945065.0,380866.0,34783897.162,14092042.0,3478389.7162,0.40300508430637044,0.010224627735548943,0.004120576962566155,0.066300005,6257780.0,6322165.0,-0.010184011331561216,7.11,0.02121,0.86541003,-0.011223896,Yahoo Finance via yfinance,secondary,Yahoo Finance via yfinance,Yahoo Finance via yfinance,https://finance.yahoo.com/quote/WSBC,2026-10-01T16:21:49+00:00,2026-09-15T00:00:00+00:00,2026-10-01T16:21:22+00:00,SHORT_CROWDING,
2026-10-02,2026-10-01T16:21:57+00:00,JP,4763,4763.T,"CREEK & RIVER Co.,Ltd.",screening,ok,0.7,0.4166399884846593,8822448.0,21175231.0,13321897269.116138,1510.0,50770.0,72000.0,60858033.333333336,108720000.0,6085803.333333334,1.4181603309040771,0.005754638621842827,0.008161000212186005,,,,,,0.51054,0.13748999,-0.021386910000000002,Yahoo Finance via yfinance,secondary,Yahoo Finance via yfinance,,https://finance.yahoo.com/quote/4763.T,2026-10-01T16:21:49+00:00,,2026-10-01T06:30:00+00:00,NO_EXCEPTION,
2026-10-02,2026-10-01T16:21:57+00:00,JP,8789,8789.T,FinTech Global Incorporated,screening,ok,0.7,0.8435976464163051,160838511.0,190657847.0,25090806524.840122,156.0,1193193.0,1419900.0,234467480.0,221504400.0,23446748.0,1.1900002765688367,0.007418577755920658,0.008828109581293002,,,,,,0.14125,0.03391,0.02631579,Yahoo Finance via yfinance,secondary,Yahoo Finance via yfinance,,https://finance.yahoo.com/quote/8789.T,2026-10-01T16:21:49+00:00,,2026-10-01T06:30:00+00:00,NO_EXCEPTION,
2026-10-02,2026-10-01T16:21:57+00:00,US,CMBT,CMBT,CMB.TECH NV Ordinary Shares,screening,ok,0.7,0.3831399989845255,111175645.0,290169769.0,2165701382.1793838,19.48,998319.0,351278.0,21809501.514666665,6842895.44,2180950.1514666667,0.35186949261708933,0.008979655571146,0.003159666849695363,0.0106,1179760.0,1065148.0,0.10760194827385483,1.03,0.56571,0.17559999,0.02905437,Yahoo Finance via yfinance,secondary,Yahoo Finance via yfinance,Yahoo Finance via yfinance,https://finance.yahoo.com/quote/CMBT,2026-10-01T16:21:49+00:00,2026-09-15T00:00:00+00:00,2026-10-01T16:19:34+00:00,NO_EXCEPTION,
2026-10-02,2026-10-01T16:21:57+00:00,JP,545A,545A.T,"Toranvia Co.,Ltd.",screening,partial,0.4,,,39940609.0,,895.0,56681.0,72600.0,50729495.0,64977000.0,5072949.5,1.2808524902524656,,,,,,,,0.39666998,0.01991,-0.017563118,,missing,Yahoo Finance via yfinance,,https://finance.yahoo.com/quote/545A.T,2026-10-01T16:21:49+00:00,,2026-10-01T06:30:00+00:00,NO_EXCEPTION,
2026-10-02,2026-10-01T16:21:57+00:00,JP,8739,8739.T,"SPARX Group Co.,Ltd.",screening,ok,0.7,0.4182983023560297,16547537.0,39559178.0,44281208098.43651,2676.0,128695.0,107900.0,377744160.0,288740400.0,37774416.0,0.8384164108939741,0.007777290360492924,0.006520607870524779,,,,,,0.5442,0.12387,0.011720227000000001,Yahoo Finance via yfinance,secondary,Yahoo Finance via yfinance,,https://finance.yahoo.com/quote/8739.T,2026-10-01T16:21:49+00:00,,2026-10-01T06:30:00+00:00,NO_EXCEPTION,
2026-10-02,2026-10-01T16:21:57+00:00,US,LPG,LPG,Dorian LPG Ltd. Common Stock,screening,ok,0.7,0.860529988758769,36815780.0,42782681.0,2071992092.6516595,56.28,609338.0,182672.0,32635112.63609333,10280780.16,3263511.263609333,0.2997876383878898,0.016551000685032343,0.004961785408322193,0.0672,2120875.0,1997231.0,0.06190771122619276,3.79,0.14047,0.74761003,0.022157597999999997,Yahoo Finance via yfinance,secondary,Yahoo Finance via yfinance,Yahoo Finance via yfinance,https://finance.yahoo.com/quote/LPG,2026-10-01T16:21:49+00:00,2026-09-15T00:00:00+00:00,2026-10-01T16:21:47+00:00,NO_EXCEPTION,
2026-10-02,2026-10-01T16:21:57+00:00,US,LTC,LTC,"LTC Properties, Inc. Common Stock",screening,ok,0.7,0.9787300060292479,52758992.0,53905563.0,2238384650.7938695,42.4266,577268.0,242067.0,23530313.994000003,10270079.7822,2353031.3994000005,0.4193320953179459,0.010941604039743594,0.004588165748124983,0.062,2787783.0,2328976.0,0.19699945383722284,5.15,0.02094,0.83827,-0.010342839999999999,Yahoo Finance via yfinance,secondary,Yahoo Finance via yfinance,Yahoo Finance via yfinance,https://finance.yahoo.com/quote/LTC,2026-10-01T16:21:49+00:00,2026-09-15T00:00:00+00:00,2026-10-01T16:21:21+00:00,SHORT_CROWDING,
2026-10-02,2026-10-01T16:21:57+00:00,JP,8473,8473.T,"SBI Holdings,Inc.",screening,ok,0.7,0.8994958972956602,581426675.0,646391692.0,1835563972105.5044,3157.0,4233308.0,2416700.0,12524450400.0,7629521900.0,1252445040.0,0.5708774320224278,0.007280897457964067,0.00415650004362115,,,,,,0.17643,0.46035,-0.0015812777,Yahoo Finance via yfinance,secondary,Yahoo Finance via yfinance,,https://finance.yahoo.com/quote/8473.T,2026-10-01T16:21:49+00:00,,2026-10-01T06:30:00+00:00,NO_EXCEPTION,
2026-10-02,2026-10-01T16:21:57+00:00,JP,2674,2674.T,"HARD OFF CORPORATION Co.,Ltd.",screening,ok,0.7,0.5675999657874177,7897024.0,13913010.0,20895525242.904015,2646.0,67753.0,59300.0,149216760.0,156907800.0,14921676.0,0.8752379968414683,0.008579561110615848,0.0075091578802343765,,,,,,0.41507998,0.122930005,0.032786884,Yahoo Finance via yfinance,secondary,Yahoo Finance via yfinance,,https://finance.yahoo.com/quote/2674.T,2026-10-01T16:21:49+00:00,,2026-10-01T06:30:00+00:00,NO_EXCEPTION,
2026-10-02,2026-10-01T16:21:57+00:00,US,ACNB,ACNB,ACNB Corporation - Common Stock,screening,ok,0.7,0.9595199770303237,9758251.0,10169930.0,606426512.3770078,62.145,71150.0,22035.0,4723071.133333333,1369365.075,472307.1133333333,0.3096978215038651,0.007291265617168486,0.0022580890776431146,0.044099998,431401.0,335284.0,0.2866733873373022,5.47,0.03925,0.41374,-0.002487942,Yahoo Finance via yfinance,secondary,Yahoo Finance via yfinance,Yahoo Finance via yfinance,https://finance.yahoo.com/quote/ACNB,2026-10-01T16:21:49+00:00,2026-09-15T00:00:00+00:00,2026-10-01T16:10:51+00:00,SHORT_CROWDING|SHORT_INTEREST_RISING,
2026-10-02,2026-10-01T16:21:57+00:00,US,HTGC,HTGC,"Hercules Capital, Inc. Common Stock",screening,ok,0.7,0.9161868949156889,171477204.0,187164000.0,2859536512.3184533,16.6759,1495630.0,865463.0,23169394.63,14432374.441699998,2316939.463,0.5786611661975222,0.008722033979513684,0.0050471023541998035,0.0512,9402604.0,10731157.0,-0.12380333266953414,6.14,0.01966,0.36433998,-0.007977392,Yahoo Finance via yfinance,secondary,Yahoo Finance via yfinance,Yahoo Finance via yfinance,https://finance.yahoo.com/quote/HTGC,2026-10-01T16:21:49+00:00,2026-09-15T00:00:00+00:00,2026-10-01T16:19:58+00:00,SHORT_CROWDING,
2026-10-02,2026-10-01T16:21:57+00:00,JP,4516,4516.T,"Nippon Shinyaku Co.,Ltd.",screening,ok,0.7,0.931329996950042,62772507.0,67400929.0,219515451844.57773,3497.0,437516.0,928600.0,1481154350.0,3247314200.0,148115435.0,2.122436665173388,0.006969866600994604,0.014793100425318364,,,,,,0.040120002,0.43518,0.015979081,Yahoo Finance via yfinance,secondary,Yahoo Finance via yfinance,,https://finance.yahoo.com/quote/4516.T,2026-10-01T16:21:49+00:00,,2026-10-01T06:30:00+00:00,VOLUME_EXPANSION,
2026-10-02,2026-10-01T16:21:57+00:00,JP,2726,2726.T,パルグループホールディングス,watchlist,ok,0.7,0.5721834578123286,99020070.0,173056506.0,141499683471.1113,1429.0,861848.0,673200.0,1231580792.0,962002800.0,123158079.2,0.7811122146828675,0.008703770861806097,0.00679862173395757,,,,,,0.41304,0.28908002,-0.001397624,Yahoo Finance via yfinance,secondary,Yahoo Finance via yfinance,,https://finance.yahoo.com/quote/2726.T,2026-10-01T16:21:49+00:00,,2026-10-01T06:30:00+00:00,NO_EXCEPTION,
2026-10-02,2026-10-01T16:21:57+00:00,JP,215A,215A.T,タイミー,watchlist,ok,0.7,0.5917400048450007,59017661.0,99735797.0,82860800941.24028,1404.0,1898270.0,1353400.0,2665171080.0,1900173600.0,266517108.0,0.712964962834581,0.032164439725932206,0.022932118573794378,,,,,,0.29631,0.37721002,-0.0007117437599999999,Yahoo Finance via yfinance,secondary,Yahoo Finance via yfinance,,https://finance.yahoo.com/quote/215A.T,2026-10-01T16:21:49+00:00,,2026-10-01T06:30:00+00:00,HIGH_FLOAT_TURNOVER,
