date,symbol,price
2026-10-06,3932.T,1322.0
2026-10-06,8622.T,855.0
2026-10-06,8707.T,4595.0
2026-10-06,8616.T,889.0
2026-10-06,6750.T,2012.0
2026-10-06,4763.T,1500.0
2026-10-06,3635.T,1620.5
2026-10-06,2121.T,3690.0
2026-10-06,8789.T,152.0
2026-10-06,5351.T,1953.0
2026-10-06,3989.T,1547.0
2026-10-06,8739.T,2643.0
2026-10-06,7172.T,2119.0
2026-10-06,2914.T,6930.0
2026-10-06,6191.T,1469.0
2026-10-06,545A.T,869.0
2026-10-06,4516.T,3355.0
2026-10-06,8935.T,1917.0
2026-10-06,8473.T,3073.0
2026-10-06,6706.T,3320.0
2026-10-06,4293.T,494.0
2026-10-06,9757.T,1158.0
2026-10-06,9746.T,4035.0
2026-10-06,6418.T,1254.0
2026-10-06,5195.T,2484.0
2026-10-06,9619.T,2680.0
2026-10-06,6741.T,1804.0
2026-10-06,2674.T,2540.0
2026-10-06,6070.T,2495.0
2026-10-06,4628.T,10200.0
2026-10-06,5290.T,1225.0
2026-10-06,6630.T,776.0
2026-10-06,8630.T,6575.0
2026-10-06,8704.T,1383.0
2026-10-06,4540.T,3707.0
2026-10-06,7744.T,1961.0
2026-10-06,9928.T,2099.0
2026-10-06,4477.T,404.0
2026-10-06,2124.T,1038.0
2026-10-06,6652.T,4060.0
2026-10-06,6809.T,1719.0
2026-10-06,3076.T,2983.0
2026-10-06,8927.T,486.0
2026-10-06,6157.T,807.0
2026-10-06,4503.T,2235.0
2026-10-06,6675.T,2056.0
2026-10-06,1847.T,3350.0
2026-10-06,7979.T,2212.0
2026-10-06,6223.T,1940.0
2026-10-06,4595.T,1685.0
