signal_date,symbol,code,name,theme,model,score,signal_price,thesis,total_score_v1,momentum_score_v1,value_score_v1,quality_score_v1,growth_score_v1,return_1m,return_3m
2026-10-06,4477.T,4477,"BASE,Inc.",Other,fundamental_confirmed_momentum,85.732,404.0,momentum_requires_fundamental_confirmation,65.633767430508,89.14928203738825,22.941268545684576,71.06396551565605,96.14375092634594,15.428571428571429,39.310344827586206
2026-10-06,3932.T,3932,Akatsuki Inc.,Other,fundamental_confirmed_momentum,81.5406,1322.0,momentum_requires_fundamental_confirmation,75.09342685576989,89.97561636412895,71.99982148515213,76.1118928509675,95.9949966090124,7.771740208152187,31.324504624503323
2026-10-06,545A.T,545A,"Toranvia Co.,Ltd.",Other,contrarian_quality,76.7358,869.0,quality_value_after_weakness,67.49997425419734,24.64101869412083,73.56272314018793,89.45988463555322,,-13.013013013013014,-6.054054054054054
2026-10-06,8622.T,8622,"Mito Securities Co.,Ltd.",Financials,expectation_gap,75.2221,855.0,fundamentals_vs_price_expectation,74.7511302119329,66.88566784069357,75.55565753761528,81.63209337499279,92.27691718055476,-10.658307210031348,25.920471281296024
2026-10-06,8622.T,8622,"Mito Securities Co.,Ltd.",Financials,fundamental_confirmed_momentum,73.8255,855.0,momentum_requires_fundamental_confirmation,74.7511302119329,66.88566784069357,75.55565753761528,81.63209337499279,92.27691718055476,-10.658307210031348,25.920471281296024
2026-10-06,4516.T,4516,"Nippon Shinyaku Co.,Ltd.",Other,contrarian_quality,70.2201,3355.0,quality_value_after_weakness,67.4715873535624,20.739636954754808,86.1256960639742,81.4550021004224,48.921201831881866,-3.425446171560161,-18.76513317191284
2026-10-06,8473.T,8473,"SBI Holdings,Inc.",Other,expectation_gap,69.6871,3073.0,fundamentals_vs_price_expectation,67.22741069075595,42.989704687076674,79.88329303184533,77.47655304286639,87.48116242755788,-7.994011976047904,10.341113105924595
2026-10-06,4595.T,4595,"MIZUHO MEDY CO.,LTD.",Other,contrarian_quality,69.6679,1685.0,quality_value_after_weakness,64.51868123643355,42.458005960444325,73.47847506084298,92.92902823038295,22.281588209843,-2.0348837209302326,0.5970149253731343
2026-10-06,5351.T,5351,"SHINAGAWA REFRA CO.,LTD.",Other,expectation_gap,68.6775,1953.0,fundamentals_vs_price_expectation,68.83087374709166,34.24546193443511,91.93224687140628,57.34583460659493,92.35062063307416,-4.452054794520548,-1.9578313253012047
